"","project","startTime","endTime"
"1","aawiki","2017-07-21 01:24:53","2017-07-21 01:25:36"
"2","aawikibooks","2017-07-21 01:25:36","2017-07-21 01:26:13"
"3","aawiktionary","2017-07-21 01:26:13","2017-07-21 01:26:49"
"4","abwiki","2017-07-21 01:26:49","2017-07-21 01:27:28"
"5","abwiktionary","2017-07-21 01:27:28","2017-07-21 01:28:04"
"6","acewiki","2017-07-21 01:28:04","2017-07-21 01:28:44"
"7","adywiki","2017-07-21 01:28:44","2017-07-21 01:29:21"
"8","afwiki","2017-07-21 01:29:21","2017-07-21 01:30:00"
"9","afwikibooks","2017-07-21 01:30:00","2017-07-21 01:30:35"
"10","afwikiquote","2017-07-21 01:30:35","2017-07-21 01:31:12"
"11","afwiktionary","2017-07-21 01:31:12","2017-07-21 01:31:56"
"12","akwiki","2017-07-21 01:31:56","2017-07-21 01:32:51"
"13","akwikibooks","2017-07-21 01:32:51","2017-07-21 01:34:03"
"14","akwiktionary","2017-07-21 01:34:03","2017-07-21 01:34:44"
"15","alswiki","2017-07-21 01:34:44","2017-07-21 01:35:31"
"16","alswikibooks","2017-07-21 01:35:31","2017-07-21 01:36:09"
"17","alswikiquote","2017-07-21 01:36:09","2017-07-21 01:36:46"
"18","alswiktionary","2017-07-21 01:36:46","2017-07-21 01:37:24"
"19","amwiki","2017-07-21 01:37:24","2017-07-21 01:38:01"
"20","amwikiquote","2017-07-21 01:38:01","2017-07-21 01:38:49"
"21","amwiktionary","2017-07-21 01:38:49","2017-07-21 01:39:29"
"22","angwiki","2017-07-21 01:39:29","2017-07-21 01:40:16"
"23","angwikibooks","2017-07-21 01:40:16","2017-07-21 01:41:07"
"24","angwikiquote","2017-07-21 01:41:07","2017-07-21 01:41:53"
"25","angwikisource","2017-07-21 01:41:53","2017-07-21 01:42:29"
"26","angwiktionary","2017-07-21 01:42:29","2017-07-21 01:43:05"
"27","anwiki","2017-07-21 01:43:05","2017-07-21 01:43:43"
"28","anwiktionary","2017-07-21 01:43:43","2017-07-21 01:44:21"
"29","arcwiki","2017-07-21 01:44:21","2017-07-21 01:44:58"
"30","arwiki","2017-07-21 01:44:58","2017-07-21 01:46:35"
"31","arwikibooks","2017-07-21 01:46:35","2017-07-21 01:47:13"
"32","arwikinews","2017-07-21 01:47:13","2017-07-21 01:47:51"
"33","arwikiquote","2017-07-21 01:47:51","2017-07-21 01:48:29"
"34","arwikisource","2017-07-21 01:48:29","2017-07-21 01:49:14"
"35","arwiktionary","2017-07-21 01:49:14","2017-07-21 01:49:51"
"36","arzwiki","2017-07-21 01:49:51","2017-07-21 01:50:31"
"37","astwiki","2017-07-21 01:50:31","2017-07-21 01:51:09"
"38","astwikibooks","2017-07-21 01:51:09","2017-07-21 01:51:48"
"39","astwikiquote","2017-07-21 01:51:48","2017-07-21 01:52:27"
"40","astwiktionary","2017-07-21 01:52:27","2017-07-21 01:53:05"
"41","aswiki","2017-07-21 01:53:05","2017-07-21 01:53:44"
"42","aswikibooks","2017-07-21 01:53:44","2017-07-21 01:54:23"
"43","aswikisource","2017-07-21 01:54:23","2017-07-21 01:55:02"
"44","aswiktionary","2017-07-21 01:55:02","2017-07-21 01:55:39"
"45","atjwiki","2017-07-21 01:55:39","2017-07-21 01:56:18"
"46","avwiki","2017-07-21 01:56:18","2017-07-21 01:56:57"
"47","avwiktionary","2017-07-21 01:56:57","2017-07-21 01:57:35"
"48","aywiki","2017-07-21 01:57:35","2017-07-21 01:58:13"
"49","aywikibooks","2017-07-21 01:58:13","2017-07-21 01:58:52"
"50","aywiktionary","2017-07-21 01:58:52","2017-07-21 01:59:30"
"51","azbwiki","2017-07-21 01:59:30","2017-07-21 02:00:06"
"52","azwiki","2017-07-21 02:00:06","2017-07-21 02:00:46"
"53","azwikibooks","2017-07-21 02:00:46","2017-07-21 02:01:24"
"54","azwikiquote","2017-07-21 02:01:24","2017-07-21 02:02:02"
"55","azwikisource","2017-07-21 02:02:02","2017-07-21 02:02:39"
"56","azwiktionary","2017-07-21 02:02:39","2017-07-21 02:03:17"
"57","barwiki","2017-07-21 02:03:17","2017-07-21 02:03:54"
"58","bat_smgwiki","2017-07-21 02:03:54","2017-07-21 02:04:35"
"59","bawiki","2017-07-21 02:04:35","2017-07-21 02:05:14"
"60","bawikibooks","2017-07-21 02:05:14","2017-07-21 02:05:54"
"61","bclwiki","2017-07-21 02:05:54","2017-07-21 02:06:33"
"62","be_x_oldwiki","2017-07-21 02:06:33","2017-07-21 02:07:13"
"63","bewiki","2017-07-21 02:07:13","2017-07-21 02:07:59"
"64","bewikibooks","2017-07-21 02:07:59","2017-07-21 02:08:37"
"65","bewikiquote","2017-07-21 02:08:37","2017-07-21 02:09:15"
"66","bewikisource","2017-07-21 02:09:15","2017-07-21 02:09:53"
"67","bewiktionary","2017-07-21 02:09:53","2017-07-21 02:10:30"
"68","bgwiki","2017-07-21 02:10:30","2017-07-21 02:11:11"
"69","bgwikibooks","2017-07-21 02:11:11","2017-07-21 02:11:48"
"70","bgwikinews","2017-07-21 02:11:48","2017-07-21 02:12:27"
"71","bgwikiquote","2017-07-21 02:12:27","2017-07-21 02:13:07"
"72","bgwikisource","2017-07-21 02:13:07","2017-07-21 02:13:43"
"73","bgwiktionary","2017-07-21 02:13:43","2017-07-21 02:14:19"
"74","bhwiki","2017-07-21 02:14:19","2017-07-21 02:14:57"
"75","bhwiktionary","2017-07-21 02:14:57","2017-07-21 02:15:33"
"76","biwiki","2017-07-21 02:15:33","2017-07-21 02:16:12"
"77","biwikibooks","2017-07-21 02:16:12","2017-07-21 02:16:48"
"78","biwiktionary","2017-07-21 02:16:48","2017-07-21 02:17:25"
"79","bjnwiki","2017-07-21 02:17:25","2017-07-21 02:18:02"
"80","bmwiki","2017-07-21 02:18:02","2017-07-21 02:18:39"
"81","bmwikibooks","2017-07-21 02:18:39","2017-07-21 02:19:16"
"82","bmwikiquote","2017-07-21 02:19:16","2017-07-21 02:19:53"
"83","bmwiktionary","2017-07-21 02:19:53","2017-07-21 02:20:30"
"84","bnwiki","2017-07-21 02:20:30","2017-07-21 02:21:10"
"85","bnwikibooks","2017-07-21 02:21:10","2017-07-21 02:21:48"
"86","bnwikisource","2017-07-21 02:21:48","2017-07-21 02:22:25"
"87","bnwiktionary","2017-07-21 02:22:25","2017-07-21 02:23:01"
"88","bowiki","2017-07-21 02:23:01","2017-07-21 02:23:39"
"89","bowikibooks","2017-07-21 02:23:39","2017-07-21 02:24:16"
"90","bowiktionary","2017-07-21 02:24:16","2017-07-21 02:24:52"
"91","bpywiki","2017-07-21 02:24:52","2017-07-21 02:25:30"
"92","brwiki","2017-07-21 02:25:30","2017-07-21 02:26:21"
"93","brwikiquote","2017-07-21 02:26:21","2017-07-21 02:27:03"
"94","brwikisource","2017-07-21 02:27:03","2017-07-21 02:27:40"
"95","brwiktionary","2017-07-21 02:27:40","2017-07-21 02:28:16"
"96","bswiki","2017-07-21 02:28:16","2017-07-21 02:28:53"
"97","bswikibooks","2017-07-21 02:28:53","2017-07-21 02:29:35"
"98","bswikinews","2017-07-21 02:29:35","2017-07-21 02:30:36"
"99","bswikiquote","2017-07-21 02:30:36","2017-07-21 02:31:19"
"100","bswikisource","2017-07-21 02:31:19","2017-07-21 02:32:14"
"101","bswiktionary","2017-07-21 02:32:14","2017-07-21 02:32:52"
"102","bugwiki","2017-07-21 02:32:52","2017-07-21 02:33:31"
"103","bxrwiki","2017-07-21 02:33:31","2017-07-21 02:34:09"
"104","cawiki","2017-07-21 02:34:09","2017-07-21 02:35:31"
"105","cawikibooks","2017-07-21 02:35:31","2017-07-21 02:36:07"
"106","cawikinews","2017-07-21 02:36:07","2017-07-21 02:36:44"
"107","cawikiquote","2017-07-21 02:36:44","2017-07-21 02:37:39"
"108","cawikisource","2017-07-21 02:37:39","2017-07-21 02:38:24"
"109","cawiktionary","2017-07-21 02:38:24","2017-07-21 02:39:02"
"110","cbk_zamwiki","2017-07-21 02:39:02","2017-07-21 02:39:40"
"111","cdowiki","2017-07-21 02:39:40","2017-07-21 02:40:19"
"112","cebwiki","2017-07-21 02:40:19","2017-07-21 02:41:17"
"113","cewiki","2017-07-21 02:41:17","2017-07-21 02:42:09"
"114","chowiki","2017-07-21 02:42:09","2017-07-21 02:42:46"
"115","chrwiki","2017-07-21 02:42:46","2017-07-21 02:43:24"
"116","chrwiktionary","2017-07-21 02:43:24","2017-07-21 02:44:04"
"117","chwiki","2017-07-21 02:44:04","2017-07-21 02:44:43"
"118","chwikibooks","2017-07-21 02:44:43","2017-07-21 02:45:21"
"119","chwiktionary","2017-07-21 02:45:21","2017-07-21 02:45:58"
"120","chywiki","2017-07-21 02:45:58","2017-07-21 02:46:36"
"121","ckbwiki","2017-07-21 02:46:36","2017-07-21 02:47:15"
"122","commonswiki","2017-07-21 02:47:15","2017-07-21 02:49:12"
"123","cowiki","2017-07-21 02:49:12","2017-07-21 02:49:54"
"124","cowikibooks","2017-07-21 02:49:54","2017-07-21 02:50:30"
"125","cowikiquote","2017-07-21 02:50:30","2017-07-21 02:51:07"
"126","cowiktionary","2017-07-21 02:51:07","2017-07-21 02:51:47"
"127","crhwiki","2017-07-21 02:51:47","2017-07-21 02:52:26"
"128","crwiki","2017-07-21 02:52:26","2017-07-21 02:53:05"
"129","crwikiquote","2017-07-21 02:53:05","2017-07-21 02:53:43"
"130","crwiktionary","2017-07-21 02:53:43","2017-07-21 02:54:19"
"131","csbwiki","2017-07-21 02:54:19","2017-07-21 02:54:57"
"132","csbwiktionary","2017-07-21 02:54:57","2017-07-21 02:55:34"
"133","cswiki","2017-07-21 02:55:34","2017-07-21 02:56:20"
"134","cswikibooks","2017-07-21 02:56:20","2017-07-21 02:56:58"
"135","cswikinews","2017-07-21 02:56:58","2017-07-21 02:57:36"
"136","cswikiquote","2017-07-21 02:57:36","2017-07-21 02:58:15"
"137","cswikisource","2017-07-21 02:58:15","2017-07-21 02:58:54"
"138","cswiktionary","2017-07-21 02:58:54","2017-07-21 02:59:31"
"139","cuwiki","2017-07-21 02:59:31","2017-07-21 03:00:09"
"140","cvwiki","2017-07-21 03:00:09","2017-07-21 03:00:48"
"141","cvwikibooks","2017-07-21 03:00:48","2017-07-21 03:01:24"
"142","cywiki","2017-07-21 03:01:24","2017-07-21 03:02:03"
"143","cywikibooks","2017-07-21 03:02:03","2017-07-21 03:02:40"
"144","cywikiquote","2017-07-21 03:02:40","2017-07-21 03:03:16"
"145","cywikisource","2017-07-21 03:03:16","2017-07-21 03:03:53"
"146","cywiktionary","2017-07-21 03:03:53","2017-07-21 03:04:30"
"147","dawiki","2017-07-21 03:04:30","2017-07-21 03:05:12"
"148","dawikibooks","2017-07-21 03:05:12","2017-07-21 03:05:50"
"149","dawikiquote","2017-07-21 03:05:50","2017-07-21 03:06:26"
"150","dawikisource","2017-07-21 03:06:26","2017-07-21 03:07:03"
"151","dawiktionary","2017-07-21 03:07:03","2017-07-21 03:07:39"
"152","dewiki","2017-07-21 03:07:39","2017-07-21 03:08:50"
"153","dewikibooks","2017-07-21 03:08:50","2017-07-21 03:09:26"
"154","dewikinews","2017-07-21 03:09:26","2017-07-21 03:10:03"
"155","dewikiquote","2017-07-21 03:10:03","2017-07-21 03:10:38"
"156","dewikisource","2017-07-21 03:10:38","2017-07-21 03:11:13"
"157","dewikivoyage","2017-07-21 03:11:13","2017-07-21 03:11:51"
"158","dewiktionary","2017-07-21 03:11:51","2017-07-21 03:12:28"
"159","dinwiki","2017-07-21 03:12:28","2017-07-21 03:13:04"
"160","diqwiki","2017-07-21 03:13:04","2017-07-21 03:13:42"
"161","dsbwiki","2017-07-21 03:13:42","2017-07-21 03:14:20"
"162","dtywiki","2017-07-21 03:14:20","2017-07-21 03:14:57"
"163","dvwiki","2017-07-21 03:14:57","2017-07-21 03:15:34"
"164","dvwiktionary","2017-07-21 03:15:34","2017-07-21 03:16:10"
"165","dzwiki","2017-07-21 03:16:10","2017-07-21 03:16:48"
"166","dzwiktionary","2017-07-21 03:16:48","2017-07-21 03:17:22"
"167","eewiki","2017-07-21 03:17:22","2017-07-21 03:17:57"
"168","elwiki","2017-07-21 03:17:57","2017-07-21 03:18:38"
"169","elwikibooks","2017-07-21 03:18:38","2017-07-21 03:19:12"
"170","elwikinews","2017-07-21 03:19:12","2017-07-21 03:19:48"
"171","elwikiquote","2017-07-21 03:19:48","2017-07-21 03:20:23"
"172","elwikisource","2017-07-21 03:20:23","2017-07-21 03:20:59"
"173","elwikivoyage","2017-07-21 03:20:59","2017-07-21 03:21:34"
"174","elwiktionary","2017-07-21 03:21:34","2017-07-21 03:22:10"
"175","emlwiki","2017-07-21 03:22:10","2017-07-21 03:22:45"
"176","enwiki","2017-07-21 03:22:45","2017-07-21 03:24:16"
"177","enwikibooks","2017-07-21 03:24:16","2017-07-21 03:24:54"
"178","enwikinews","2017-07-21 03:24:54","2017-07-21 03:25:29"
"179","enwikiquote","2017-07-21 03:25:29","2017-07-21 03:26:05"
"180","enwikisource","2017-07-21 03:26:05","2017-07-21 03:26:42"
"181","enwikivoyage","2017-07-21 03:26:42","2017-07-21 03:27:18"
"182","enwiktionary","2017-07-21 03:27:18","2017-07-21 03:27:54"
"183","eowiki","2017-07-21 03:27:54","2017-07-21 03:28:39"
"184","eowikibooks","2017-07-21 03:28:39","2017-07-21 03:29:30"
"185","eowikinews","2017-07-21 03:29:30","2017-07-21 03:30:03"
"186","eowikiquote","2017-07-21 03:30:03","2017-07-21 03:30:52"
"187","eowikisource","2017-07-21 03:30:52","2017-07-21 03:31:43"
"188","eowiktionary","2017-07-21 03:31:43","2017-07-21 03:32:18"
"189","eswiki","2017-07-21 03:32:18","2017-07-21 03:33:18"
"190","eswikibooks","2017-07-21 03:33:18","2017-07-21 03:33:55"
"191","eswikinews","2017-07-21 03:33:55","2017-07-21 03:34:33"
"192","eswikiquote","2017-07-21 03:34:33","2017-07-21 03:35:12"
"193","eswikisource","2017-07-21 03:35:12","2017-07-21 03:35:48"
"194","eswikivoyage","2017-07-21 03:35:48","2017-07-21 03:36:24"
"195","eswiktionary","2017-07-21 03:36:24","2017-07-21 03:37:00"
"196","etwiki","2017-07-21 03:37:00","2017-07-21 03:37:38"
"197","etwikibooks","2017-07-21 03:37:38","2017-07-21 03:38:35"
"198","etwikiquote","2017-07-21 03:38:35","2017-07-21 03:39:12"
"199","etwikisource","2017-07-21 03:39:12","2017-07-21 03:39:47"
"200","etwiktionary","2017-07-21 03:39:47","2017-07-21 03:40:26"
"201","euwiki","2017-07-21 03:40:26","2017-07-21 03:41:12"
"202","euwikibooks","2017-07-21 03:41:12","2017-07-21 03:41:46"
"203","euwikiquote","2017-07-21 03:41:46","2017-07-21 03:42:22"
"204","euwiktionary","2017-07-21 03:42:22","2017-07-21 03:42:58"
"205","extwiki","2017-07-21 03:42:58","2017-07-21 03:43:34"
"206","fawiki","2017-07-21 03:43:34","2017-07-21 03:44:17"
"207","fawikibooks","2017-07-21 03:44:17","2017-07-21 03:44:52"
"208","fawikinews","2017-07-21 03:44:52","2017-07-21 03:45:28"
"209","fawikiquote","2017-07-21 03:45:28","2017-07-21 03:46:04"
"210","fawikisource","2017-07-21 03:46:04","2017-07-21 03:46:41"
"211","fawikivoyage","2017-07-21 03:46:41","2017-07-21 03:47:18"
"212","fawiktionary","2017-07-21 03:47:18","2017-07-21 03:47:54"
"213","ffwiki","2017-07-21 03:47:54","2017-07-21 03:48:30"
"214","fiu_vrowiki","2017-07-21 03:48:30","2017-07-21 03:49:06"
"215","fiwiki","2017-07-21 03:49:06","2017-07-21 03:49:47"
"216","fiwikibooks","2017-07-21 03:49:47","2017-07-21 03:50:27"
"217","fiwikinews","2017-07-21 03:50:27","2017-07-21 03:51:04"
"218","fiwikiquote","2017-07-21 03:51:04","2017-07-21 03:51:45"
"219","fiwikisource","2017-07-21 03:51:46","2017-07-21 03:52:25"
"220","fiwikivoyage","2017-07-21 03:52:25","2017-07-21 03:53:04"
"221","fiwiktionary","2017-07-21 03:53:04","2017-07-21 03:53:42"
"222","fjwiki","2017-07-21 03:53:42","2017-07-21 03:54:20"
"223","fjwiktionary","2017-07-21 03:54:20","2017-07-21 03:54:58"
"224","fowiki","2017-07-21 03:54:58","2017-07-21 03:55:36"
"225","fowikisource","2017-07-21 03:55:36","2017-07-21 03:56:14"
"226","fowiktionary","2017-07-21 03:56:14","2017-07-21 03:56:52"
"227","frpwiki","2017-07-21 03:56:52","2017-07-21 03:57:29"
"228","frrwiki","2017-07-21 03:57:29","2017-07-21 03:58:09"
"229","frwiki","2017-07-21 03:58:09","2017-07-21 04:00:20"
"230","frwikibooks","2017-07-21 04:00:20","2017-07-21 04:00:59"
"231","frwikinews","2017-07-21 04:00:59","2017-07-21 04:01:37"
"232","frwikiquote","2017-07-21 04:01:37","2017-07-21 04:02:15"
"233","frwikisource","2017-07-21 04:02:15","2017-07-21 04:02:55"
"234","frwikivoyage","2017-07-21 04:02:55","2017-07-21 04:03:35"
"235","frwiktionary","2017-07-21 04:03:35","2017-07-21 04:04:14"
"236","furwiki","2017-07-21 04:04:14","2017-07-21 04:04:53"
"237","fywiki","2017-07-21 04:04:53","2017-07-21 04:05:32"
"238","fywikibooks","2017-07-21 04:05:32","2017-07-21 04:06:11"
"239","fywiktionary","2017-07-21 04:06:11","2017-07-21 04:06:48"
"240","gagwiki","2017-07-21 04:06:48","2017-07-21 04:07:27"
"241","ganwiki","2017-07-21 04:07:27","2017-07-21 04:08:05"
"242","gawiki","2017-07-21 04:08:05","2017-07-21 04:08:43"
"243","gawikibooks","2017-07-21 04:08:43","2017-07-21 04:09:22"
"244","gawikiquote","2017-07-21 04:09:22","2017-07-21 04:09:59"
"245","gawiktionary","2017-07-21 04:09:59","2017-07-21 04:10:37"
"246","gdwiki","2017-07-21 04:10:37","2017-07-21 04:11:14"
"247","gdwiktionary","2017-07-21 04:11:14","2017-07-21 04:11:51"
"248","glkwiki","2017-07-21 04:11:51","2017-07-21 04:12:31"
"249","glwiki","2017-07-21 04:12:31","2017-07-21 04:13:10"
"250","glwikibooks","2017-07-21 04:13:10","2017-07-21 04:13:47"
"251","glwikiquote","2017-07-21 04:13:47","2017-07-21 04:14:25"
"252","glwikisource","2017-07-21 04:14:25","2017-07-21 04:15:03"
"253","glwiktionary","2017-07-21 04:15:03","2017-07-21 04:15:42"
"254","gnwiki","2017-07-21 04:15:42","2017-07-21 04:16:19"
"255","gnwikibooks","2017-07-21 04:16:19","2017-07-21 04:16:57"
"256","gnwiktionary","2017-07-21 04:16:57","2017-07-21 04:17:35"
"257","gomwiki","2017-07-21 04:17:35","2017-07-21 04:18:14"
"258","gotwiki","2017-07-21 04:18:14","2017-07-21 04:18:52"
"259","gotwikibooks","2017-07-21 04:18:52","2017-07-21 04:19:29"
"260","guwiki","2017-07-21 04:19:29","2017-07-21 04:20:07"
"261","guwikibooks","2017-07-21 04:20:07","2017-07-21 04:20:44"
"262","guwikiquote","2017-07-21 04:20:44","2017-07-21 04:21:20"
"263","guwikisource","2017-07-21 04:21:20","2017-07-21 04:21:58"
"264","guwiktionary","2017-07-21 04:21:58","2017-07-21 04:22:34"
"265","gvwiki","2017-07-21 04:22:34","2017-07-21 04:23:12"
"266","gvwiktionary","2017-07-21 04:23:12","2017-07-21 04:23:48"
"267","hakwiki","2017-07-21 04:23:48","2017-07-21 04:24:27"
"268","hawiki","2017-07-21 04:24:27","2017-07-21 04:25:03"
"269","hawiktionary","2017-07-21 04:25:03","2017-07-21 04:25:39"
"270","hawwiki","2017-07-21 04:25:39","2017-07-21 04:26:16"
"271","hewiki","2017-07-21 04:26:16","2017-07-21 04:26:57"
"272","hewikibooks","2017-07-21 04:26:57","2017-07-21 04:27:36"
"273","hewikinews","2017-07-21 04:27:36","2017-07-21 04:28:19"
"274","hewikiquote","2017-07-21 04:28:19","2017-07-21 04:29:08"
"275","hewikisource","2017-07-21 04:29:08","2017-07-21 04:29:51"
"276","hewikivoyage","2017-07-21 04:29:51","2017-07-21 04:30:40"
"277","hewiktionary","2017-07-21 04:30:40","2017-07-21 04:31:51"
"278","hifwiki","2017-07-21 04:31:51","2017-07-21 04:32:28"
"279","hiwiki","2017-07-21 04:32:28","2017-07-21 04:33:08"
"280","hiwikibooks","2017-07-21 04:33:08","2017-07-21 04:33:45"
"281","hiwikiquote","2017-07-21 04:33:45","2017-07-21 04:34:25"
"282","hiwiktionary","2017-07-21 04:34:25","2017-07-21 04:35:08"
"283","howiki","2017-07-21 04:35:08","2017-07-21 04:35:53"
"284","hrwiki","2017-07-21 04:35:53","2017-07-21 04:36:31"
"285","hrwikibooks","2017-07-21 04:36:31","2017-07-21 04:37:10"
"286","hrwikiquote","2017-07-21 04:37:10","2017-07-21 04:37:47"
"287","hrwikisource","2017-07-21 04:37:47","2017-07-21 04:38:34"
"288","hrwiktionary","2017-07-21 04:38:34","2017-07-21 04:39:16"
"289","hsbwiki","2017-07-21 04:39:16","2017-07-21 04:39:54"
"290","hsbwiktionary","2017-07-21 04:39:54","2017-07-21 04:40:33"
"291","htwiki","2017-07-21 04:40:33","2017-07-21 04:41:11"
"292","htwikisource","2017-07-21 04:41:11","2017-07-21 04:41:48"
"293","huwiki","2017-07-21 04:41:48","2017-07-21 04:42:41"
"294","huwikibooks","2017-07-21 04:42:41","2017-07-21 04:43:21"
"295","huwikinews","2017-07-21 04:43:21","2017-07-21 04:43:58"
"296","huwikiquote","2017-07-21 04:43:58","2017-07-21 04:44:37"
"297","huwikisource","2017-07-21 04:44:37","2017-07-21 04:45:16"
"298","huwiktionary","2017-07-21 04:45:16","2017-07-21 04:45:54"
"299","hywiki","2017-07-21 04:45:54","2017-07-21 04:46:55"
"300","hywikibooks","2017-07-21 04:46:55","2017-07-21 04:47:33"
"301","hywikiquote","2017-07-21 04:47:33","2017-07-21 04:48:10"
"302","hywikisource","2017-07-21 04:48:10","2017-07-21 04:48:48"
"303","hywiktionary","2017-07-21 04:48:48","2017-07-21 04:49:26"
"304","hzwiki","2017-07-21 04:49:26","2017-07-21 04:50:06"
"305","iawiki","2017-07-21 04:50:06","2017-07-21 04:50:50"
"306","iawikibooks","2017-07-21 04:50:50","2017-07-21 04:51:28"
"307","iawiktionary","2017-07-21 04:51:28","2017-07-21 04:52:07"
"308","idwiki","2017-07-21 04:52:07","2017-07-21 04:52:48"
"309","idwikibooks","2017-07-21 04:52:48","2017-07-21 04:53:26"
"310","idwikiquote","2017-07-21 04:53:26","2017-07-21 04:54:04"
"311","idwikisource","2017-07-21 04:54:04","2017-07-21 04:54:41"
"312","idwiktionary","2017-07-21 04:54:41","2017-07-21 04:55:19"
"313","iewiki","2017-07-21 04:55:19","2017-07-21 04:55:59"
"314","iewikibooks","2017-07-21 04:55:59","2017-07-21 04:56:37"
"315","iewiktionary","2017-07-21 04:56:37","2017-07-21 04:57:15"
"316","igwiki","2017-07-21 04:57:15","2017-07-21 04:57:54"
"317","iiwiki","2017-07-21 04:57:54","2017-07-21 04:58:32"
"318","ikwiki","2017-07-21 04:58:32","2017-07-21 04:59:10"
"319","ikwiktionary","2017-07-21 04:59:10","2017-07-21 04:59:46"
"320","ilowiki","2017-07-21 04:59:46","2017-07-21 05:00:23"
"321","iowiki","2017-07-21 05:00:23","2017-07-21 05:01:15"
"322","iowiktionary","2017-07-21 05:01:15","2017-07-21 05:02:03"
"323","iswiki","2017-07-21 05:02:03","2017-07-21 05:02:43"
"324","iswikibooks","2017-07-21 05:02:43","2017-07-21 05:03:31"
"325","iswikiquote","2017-07-21 05:03:31","2017-07-21 05:04:14"
"326","iswikisource","2017-07-21 05:04:14","2017-07-21 05:04:55"
"327","iswiktionary","2017-07-21 05:04:55","2017-07-21 05:05:34"
"328","itwiki","2017-07-21 05:05:34","2017-07-21 05:06:49"
"329","itwikibooks","2017-07-21 05:06:49","2017-07-21 05:07:32"
"330","itwikinews","2017-07-21 05:07:32","2017-07-21 05:08:14"
"331","itwikiquote","2017-07-21 05:08:14","2017-07-21 05:09:03"
"332","itwikisource","2017-07-21 05:09:03","2017-07-21 05:09:50"
"333","itwikivoyage","2017-07-21 05:09:50","2017-07-21 05:10:33"
"334","itwiktionary","2017-07-21 05:10:33","2017-07-21 05:11:09"
"335","iuwiki","2017-07-21 05:11:09","2017-07-21 05:11:51"
"336","iuwiktionary","2017-07-21 05:11:51","2017-07-21 05:12:49"
"337","jamwiki","2017-07-21 05:12:49","2017-07-21 05:13:31"
"338","jawiki","2017-07-21 05:13:31","2017-07-21 05:14:16"
"339","jawikibooks","2017-07-21 05:14:16","2017-07-21 05:15:17"
"340","jawikinews","2017-07-21 05:15:17","2017-07-21 05:16:04"
"341","jawikiquote","2017-07-21 05:16:04","2017-07-21 05:16:43"
"342","jawikisource","2017-07-21 05:16:43","2017-07-21 05:17:19"
"343","jawiktionary","2017-07-21 05:17:19","2017-07-21 05:17:58"
"344","jbowiki","2017-07-21 05:17:58","2017-07-21 05:18:37"
"345","jbowiktionary","2017-07-21 05:18:37","2017-07-21 05:19:15"
"346","jvwiki","2017-07-21 05:19:15","2017-07-21 05:19:53"
"347","jvwiktionary","2017-07-21 05:19:53","2017-07-21 05:20:31"
"348","kaawiki","2017-07-21 05:20:31","2017-07-21 05:21:07"
"349","kabwiki","2017-07-21 05:21:07","2017-07-21 05:21:45"
"350","kawiki","2017-07-21 05:21:45","2017-07-21 05:22:25"
"351","kawikibooks","2017-07-21 05:22:25","2017-07-21 05:23:04"
"352","kawikiquote","2017-07-21 05:23:04","2017-07-21 05:23:43"
"353","kawiktionary","2017-07-21 05:23:43","2017-07-21 05:24:19"
"354","kbdwiki","2017-07-21 05:24:19","2017-07-21 05:24:56"
"355","kbpwiki","2017-07-21 05:24:56","2017-07-21 05:25:32"
"356","kgwiki","2017-07-21 05:25:32","2017-07-21 05:26:12"
"357","kiwiki","2017-07-21 05:26:12","2017-07-21 05:26:50"
"358","kjwiki","2017-07-21 05:26:50","2017-07-21 05:27:28"
"359","kkwiki","2017-07-21 05:27:28","2017-07-21 05:28:06"
"360","kkwikibooks","2017-07-21 05:28:06","2017-07-21 05:28:44"
"361","kkwikiquote","2017-07-21 05:28:44","2017-07-21 05:29:22"
"362","kkwiktionary","2017-07-21 05:29:22","2017-07-21 05:30:01"
"363","klwiki","2017-07-21 05:30:01","2017-07-21 05:31:00"
"364","klwiktionary","2017-07-21 05:31:00","2017-07-21 05:31:40"
"365","kmwiki","2017-07-21 05:31:40","2017-07-21 05:32:17"
"366","kmwikibooks","2017-07-21 05:32:17","2017-07-21 05:32:56"
"367","kmwiktionary","2017-07-21 05:32:56","2017-07-21 05:33:33"
"368","knwiki","2017-07-21 05:33:33","2017-07-21 05:34:10"
"369","knwikibooks","2017-07-21 05:34:10","2017-07-21 05:34:46"
"370","knwikiquote","2017-07-21 05:34:46","2017-07-21 05:35:24"
"371","knwikisource","2017-07-21 05:35:24","2017-07-21 05:36:01"
"372","knwiktionary","2017-07-21 05:36:01","2017-07-21 05:36:54"
"373","koiwiki","2017-07-21 05:36:54","2017-07-21 05:37:35"
"374","kowiki","2017-07-21 05:37:35","2017-07-21 05:38:54"
"375","kowikibooks","2017-07-21 05:38:54","2017-07-21 05:39:30"
"376","kowikinews","2017-07-21 05:39:30","2017-07-21 05:40:07"
"377","kowikiquote","2017-07-21 05:40:07","2017-07-21 05:40:45"
"378","kowikisource","2017-07-21 05:40:45","2017-07-21 05:41:22"
"379","kowiktionary","2017-07-21 05:41:22","2017-07-21 05:42:01"
"380","krcwiki","2017-07-21 05:42:01","2017-07-21 05:42:38"
"381","krwiki","2017-07-21 05:42:38","2017-07-21 05:43:15"
"382","krwikiquote","2017-07-21 05:43:15","2017-07-21 05:43:52"
"383","kshwiki","2017-07-21 05:43:52","2017-07-21 05:44:29"
"384","kswiki","2017-07-21 05:44:29","2017-07-21 05:45:33"
"385","kswikibooks","2017-07-21 05:45:33","2017-07-21 05:46:23"
"386","kswikiquote","2017-07-21 05:46:23","2017-07-21 05:47:06"
"387","kswiktionary","2017-07-21 05:47:06","2017-07-21 05:47:43"
"388","kuwiki","2017-07-21 05:47:43","2017-07-21 05:48:48"
"389","kuwikibooks","2017-07-21 05:48:48","2017-07-21 05:49:35"
"390","kuwikiquote","2017-07-21 05:49:35","2017-07-21 05:50:14"
"391","kuwiktionary","2017-07-21 05:50:14","2017-07-21 05:50:56"
"392","kvwiki","2017-07-21 05:50:56","2017-07-21 05:51:36"
"393","kwwiki","2017-07-21 05:51:36","2017-07-21 05:52:15"
"394","kwwikiquote","2017-07-21 05:52:15","2017-07-21 05:52:53"
"395","kwwiktionary","2017-07-21 05:52:53","2017-07-21 05:53:32"
"396","kywiki","2017-07-21 05:53:32","2017-07-21 05:54:10"
"397","kywikibooks","2017-07-21 05:54:10","2017-07-21 05:54:47"
"398","kywikiquote","2017-07-21 05:54:47","2017-07-21 05:55:25"
"399","kywiktionary","2017-07-21 05:55:25","2017-07-21 05:56:03"
"400","ladwiki","2017-07-21 05:56:03","2017-07-21 05:56:41"
"401","lawiki","2017-07-21 05:56:41","2017-07-21 05:57:23"
"402","lawikibooks","2017-07-21 05:57:23","2017-07-21 05:58:01"
"403","lawikiquote","2017-07-21 05:58:01","2017-07-21 05:58:38"
"404","lawikisource","2017-07-21 05:58:38","2017-07-21 05:59:15"
"405","lawiktionary","2017-07-21 05:59:15","2017-07-21 05:59:52"
"406","lbewiki","2017-07-21 05:59:52","2017-07-21 06:00:28"
"407","lbwiki","2017-07-21 06:00:28","2017-07-21 06:01:07"
"408","lbwikibooks","2017-07-21 06:01:07","2017-07-21 06:01:43"
"409","lbwikiquote","2017-07-21 06:01:43","2017-07-21 06:02:19"
"410","lbwiktionary","2017-07-21 06:02:19","2017-07-21 06:02:55"
"411","lezwiki","2017-07-21 06:02:55","2017-07-21 06:03:36"
"412","lgwiki","2017-07-21 06:03:36","2017-07-21 06:04:14"
"413","lijwiki","2017-07-21 06:04:14","2017-07-21 06:04:53"
"414","liwiki","2017-07-21 06:04:53","2017-07-21 06:05:33"
"415","liwikibooks","2017-07-21 06:05:33","2017-07-21 06:06:10"
"416","liwikiquote","2017-07-21 06:06:10","2017-07-21 06:06:47"
"417","liwikisource","2017-07-21 06:06:47","2017-07-21 06:07:24"
"418","liwiktionary","2017-07-21 06:07:24","2017-07-21 06:08:00"
"419","lmowiki","2017-07-21 06:08:00","2017-07-21 06:08:37"
"420","lnwiki","2017-07-21 06:08:37","2017-07-21 06:09:13"
"421","lnwikibooks","2017-07-21 06:09:13","2017-07-21 06:09:50"
"422","lnwiktionary","2017-07-21 06:09:50","2017-07-21 06:10:27"
"423","lowiki","2017-07-21 06:10:27","2017-07-21 06:11:05"
"424","lowiktionary","2017-07-21 06:11:05","2017-07-21 06:11:42"
"425","lrcwiki","2017-07-21 06:11:42","2017-07-21 06:12:20"
"426","ltgwiki","2017-07-21 06:12:20","2017-07-21 06:12:58"
"427","ltwiki","2017-07-21 06:12:58","2017-07-21 06:13:36"
"428","ltwikibooks","2017-07-21 06:13:36","2017-07-21 06:14:13"
"429","ltwikiquote","2017-07-21 06:14:13","2017-07-21 06:14:53"
"430","ltwikisource","2017-07-21 06:14:53","2017-07-21 06:15:31"
"431","ltwiktionary","2017-07-21 06:15:31","2017-07-21 06:16:10"
"432","lvwiki","2017-07-21 06:16:10","2017-07-21 06:16:52"
"433","lvwikibooks","2017-07-21 06:16:52","2017-07-21 06:17:30"
"434","lvwiktionary","2017-07-21 06:17:30","2017-07-21 06:18:06"
"435","maiwiki","2017-07-21 06:18:06","2017-07-21 06:18:47"
"436","maiwikimedia","2017-07-21 06:18:47","2017-07-21 06:19:25"
"437","map_bmswiki","2017-07-21 06:19:25","2017-07-21 06:20:02"
"438","mdfwiki","2017-07-21 06:20:02","2017-07-21 06:20:41"
"439","mediawikiwiki","2017-07-21 06:20:41","2017-07-21 06:21:19"
"440","metawiki","2017-07-21 06:21:19","2017-07-21 06:21:57"
"441","mgwiki","2017-07-21 06:21:57","2017-07-21 06:22:35"
"442","mgwikibooks","2017-07-21 06:22:35","2017-07-21 06:23:14"
"443","mgwiktionary","2017-07-21 06:23:14","2017-07-21 06:23:53"
"444","mhrwiki","2017-07-21 06:23:53","2017-07-21 06:24:29"
"445","mhwiki","2017-07-21 06:24:29","2017-07-21 06:25:06"
"446","mhwiktionary","2017-07-21 06:25:06","2017-07-21 06:25:44"
"447","minwiki","2017-07-21 06:25:44","2017-07-21 06:26:22"
"448","miwiki","2017-07-21 06:26:22","2017-07-21 06:27:05"
"449","miwikibooks","2017-07-21 06:27:05","2017-07-21 06:27:57"
"450","miwiktionary","2017-07-21 06:27:57","2017-07-21 06:28:39"
"451","mkwiki","2017-07-21 06:28:39","2017-07-21 06:29:24"
"452","mkwikibooks","2017-07-21 06:29:24","2017-07-21 06:30:03"
"453","mkwikisource","2017-07-21 06:30:03","2017-07-21 06:30:44"
"454","mkwiktionary","2017-07-21 06:30:44","2017-07-21 06:31:21"
"455","mlwiki","2017-07-21 06:31:21","2017-07-21 06:32:00"
"456","mlwikibooks","2017-07-21 06:32:00","2017-07-21 06:33:11"
"457","mlwikiquote","2017-07-21 06:33:11","2017-07-21 06:34:04"
"458","mlwikisource","2017-07-21 06:34:04","2017-07-21 06:34:54"
"459","mlwiktionary","2017-07-21 06:34:54","2017-07-21 06:35:33"
"460","mnwiki","2017-07-21 06:35:33","2017-07-21 06:36:09"
"461","mnwikibooks","2017-07-21 06:36:09","2017-07-21 06:36:44"
"462","mnwiktionary","2017-07-21 06:36:44","2017-07-21 06:37:22"
"463","mowiki","2017-07-21 06:37:22","2017-07-21 06:37:56"
"464","mowiktionary","2017-07-21 06:37:56","2017-07-21 06:38:30"
"465","mrjwiki","2017-07-21 06:38:30","2017-07-21 06:39:06"
"466","mrwiki","2017-07-21 06:39:06","2017-07-21 06:39:43"
"467","mrwikibooks","2017-07-21 06:39:43","2017-07-21 06:40:38"
"468","mrwikiquote","2017-07-21 06:40:38","2017-07-21 06:41:21"
"469","mrwikisource","2017-07-21 06:41:21","2017-07-21 06:41:59"
"470","mrwiktionary","2017-07-21 06:41:59","2017-07-21 06:42:36"
"471","mswiki","2017-07-21 06:42:36","2017-07-21 06:43:14"
"472","mswikibooks","2017-07-21 06:43:14","2017-07-21 06:43:49"
"473","mswiktionary","2017-07-21 06:43:49","2017-07-21 06:44:24"
"474","mtwiki","2017-07-21 06:44:24","2017-07-21 06:45:00"
"475","mtwiktionary","2017-07-21 06:45:00","2017-07-21 06:45:38"
"476","muswiki","2017-07-21 06:45:38","2017-07-21 06:46:16"
"477","mwlwiki","2017-07-21 06:46:16","2017-07-21 06:46:53"
"478","myvwiki","2017-07-21 06:46:53","2017-07-21 06:47:30"
"479","mywiki","2017-07-21 06:47:30","2017-07-21 06:48:06"
"480","mywikibooks","2017-07-21 06:48:06","2017-07-21 06:48:41"
"481","mywiktionary","2017-07-21 06:48:41","2017-07-21 06:49:17"
"482","mznwiki","2017-07-21 06:49:17","2017-07-21 06:49:55"
"483","nahwiki","2017-07-21 06:49:55","2017-07-21 06:50:31"
"484","nahwikibooks","2017-07-21 06:50:31","2017-07-21 06:51:07"
"485","nahwiktionary","2017-07-21 06:51:07","2017-07-21 06:51:44"
"486","napwiki","2017-07-21 06:51:44","2017-07-21 06:52:21"
"487","nawiki","2017-07-21 06:52:21","2017-07-21 06:52:58"
"488","nawikibooks","2017-07-21 06:52:58","2017-07-21 06:53:34"
"489","nawikiquote","2017-07-21 06:53:34","2017-07-21 06:54:10"
"490","nawiktionary","2017-07-21 06:54:10","2017-07-21 06:54:46"
"491","nds_nlwiki","2017-07-21 06:54:46","2017-07-21 06:55:21"
"492","ndswiki","2017-07-21 06:55:21","2017-07-21 06:55:59"
"493","ndswikibooks","2017-07-21 06:55:59","2017-07-21 06:56:35"
"494","ndswikiquote","2017-07-21 06:56:35","2017-07-21 06:57:10"
"495","ndswiktionary","2017-07-21 06:57:10","2017-07-21 06:57:46"
"496","newiki","2017-07-21 06:57:46","2017-07-21 06:58:23"
"497","newikibooks","2017-07-21 06:58:23","2017-07-21 06:59:00"
"498","newiktionary","2017-07-21 06:59:00","2017-07-21 06:59:37"
"499","newwiki","2017-07-21 06:59:37","2017-07-21 07:00:12"
"500","ngwiki","2017-07-21 07:00:12","2017-07-21 07:00:49"
"501","nlwiki","2017-07-21 07:00:49","2017-07-21 07:01:35"
"502","nlwikibooks","2017-07-21 07:01:35","2017-07-21 07:02:12"
"503","nlwikinews","2017-07-21 07:02:12","2017-07-21 07:02:48"
"504","nlwikiquote","2017-07-21 07:02:48","2017-07-21 07:03:22"
"505","nlwikisource","2017-07-21 07:03:22","2017-07-21 07:03:59"
"506","nlwikivoyage","2017-07-21 07:03:59","2017-07-21 07:04:35"
"507","nlwiktionary","2017-07-21 07:04:35","2017-07-21 07:05:12"
"508","nnwiki","2017-07-21 07:05:12","2017-07-21 07:05:51"
"509","nnwikiquote","2017-07-21 07:05:51","2017-07-21 07:06:28"
"510","nnwiktionary","2017-07-21 07:06:28","2017-07-21 07:07:04"
"511","novwiki","2017-07-21 07:07:04","2017-07-21 07:07:40"
"512","nowiki","2017-07-21 07:07:40","2017-07-21 07:08:35"
"513","nowikibooks","2017-07-21 07:08:35","2017-07-21 07:09:12"
"514","nowikinews","2017-07-21 07:09:12","2017-07-21 07:09:47"
"515","nowikiquote","2017-07-21 07:09:47","2017-07-21 07:10:26"
"516","nowikisource","2017-07-21 07:10:26","2017-07-21 07:11:02"
"517","nowiktionary","2017-07-21 07:11:02","2017-07-21 07:11:37"
"518","nrmwiki","2017-07-21 07:11:37","2017-07-21 07:12:13"
"519","nsowiki","2017-07-21 07:12:13","2017-07-21 07:12:51"
"520","nvwiki","2017-07-21 07:12:51","2017-07-21 07:13:27"
"521","nywiki","2017-07-21 07:13:27","2017-07-21 07:14:02"
"522","ocwiki","2017-07-21 07:14:02","2017-07-21 07:14:39"
"523","ocwikibooks","2017-07-21 07:14:39","2017-07-21 07:15:13"
"524","ocwiktionary","2017-07-21 07:15:13","2017-07-21 07:15:49"
"525","olowiki","2017-07-21 07:15:49","2017-07-21 07:16:24"
"526","omwiki","2017-07-21 07:16:24","2017-07-21 07:16:59"
"527","omwiktionary","2017-07-21 07:16:59","2017-07-21 07:17:34"
"528","orwiki","2017-07-21 07:17:34","2017-07-21 07:18:10"
"529","orwikisource","2017-07-21 07:18:10","2017-07-21 07:18:45"
"530","orwiktionary","2017-07-21 07:18:45","2017-07-21 07:19:20"
"531","oswiki","2017-07-21 07:19:20","2017-07-21 07:19:55"
"532","pagwiki","2017-07-21 07:19:55","2017-07-21 07:20:30"
"533","pamwiki","2017-07-21 07:20:30","2017-07-21 07:21:06"
"534","papwiki","2017-07-21 07:21:06","2017-07-21 07:21:41"
"535","pawiki","2017-07-21 07:21:41","2017-07-21 07:22:17"
"536","pawikibooks","2017-07-21 07:22:17","2017-07-21 07:22:53"
"537","pawikisource","2017-07-21 07:22:53","2017-07-21 07:23:27"
"538","pawiktionary","2017-07-21 07:23:27","2017-07-21 07:24:01"
"539","pcdwiki","2017-07-21 07:24:01","2017-07-21 07:24:36"
"540","pdcwiki","2017-07-21 07:24:36","2017-07-21 07:25:11"
"541","pflwiki","2017-07-21 07:25:11","2017-07-21 07:25:45"
"542","pihwiki","2017-07-21 07:25:45","2017-07-21 07:26:21"
"543","piwiki","2017-07-21 07:26:21","2017-07-21 07:26:59"
"544","piwiktionary","2017-07-21 07:26:59","2017-07-21 07:27:49"
"545","plwiki","2017-07-21 07:27:49","2017-07-21 07:28:39"
"546","plwikibooks","2017-07-21 07:28:39","2017-07-21 07:29:14"
"547","plwikinews","2017-07-21 07:29:14","2017-07-21 07:29:50"
"548","plwikiquote","2017-07-21 07:29:50","2017-07-21 07:30:24"
"549","plwikisource","2017-07-21 07:30:24","2017-07-21 07:31:00"
"550","plwikivoyage","2017-07-21 07:31:00","2017-07-21 07:31:37"
"551","plwiktionary","2017-07-21 07:31:37","2017-07-21 07:32:11"
"552","pmswiki","2017-07-21 07:32:11","2017-07-21 07:32:47"
"553","pnbwiki","2017-07-21 07:32:47","2017-07-21 07:33:22"
"554","pnbwiktionary","2017-07-21 07:33:22","2017-07-21 07:34:02"
"555","pntwiki","2017-07-21 07:34:02","2017-07-21 07:34:47"
"556","pswiki","2017-07-21 07:34:47","2017-07-21 07:35:22"
"557","pswikibooks","2017-07-21 07:35:22","2017-07-21 07:35:58"
"558","pswiktionary","2017-07-21 07:35:58","2017-07-21 07:37:07"
"559","ptwiki","2017-07-21 07:37:07","2017-07-21 07:37:57"
"560","ptwikibooks","2017-07-21 07:37:57","2017-07-21 07:38:41"
"561","ptwikimedia","2017-07-21 07:38:41","2017-07-21 07:39:15"
"562","ptwikinews","2017-07-21 07:39:15","2017-07-21 07:39:50"
"563","ptwikiquote","2017-07-21 07:39:50","2017-07-21 07:40:26"
"564","ptwikisource","2017-07-21 07:40:26","2017-07-21 07:41:04"
"565","ptwikivoyage","2017-07-21 07:41:04","2017-07-21 07:41:41"
"566","ptwiktionary","2017-07-21 07:41:41","2017-07-21 07:42:18"
"567","quwiki","2017-07-21 07:42:18","2017-07-21 07:42:53"
"568","quwikibooks","2017-07-21 07:42:53","2017-07-21 07:43:29"
"569","quwikiquote","2017-07-21 07:43:29","2017-07-21 07:44:04"
"570","quwiktionary","2017-07-21 07:44:04","2017-07-21 07:44:52"
"571","rmwiki","2017-07-21 07:44:52","2017-07-21 07:45:43"
"572","rmwikibooks","2017-07-21 07:45:43","2017-07-21 07:46:17"
"573","rmwiktionary","2017-07-21 07:46:17","2017-07-21 07:46:52"
"574","rmywiki","2017-07-21 07:46:52","2017-07-21 07:47:27"
"575","rnwiki","2017-07-21 07:47:27","2017-07-21 07:48:03"
"576","rnwiktionary","2017-07-21 07:48:03","2017-07-21 07:48:37"
"577","roa_rupwiki","2017-07-21 07:48:37","2017-07-21 07:49:13"
"578","roa_rupwiktionary","2017-07-21 07:49:13","2017-07-21 07:49:50"
"579","roa_tarawiki","2017-07-21 07:49:50","2017-07-21 07:50:28"
"580","rowiki","2017-07-21 07:50:28","2017-07-21 07:51:20"
"581","rowikibooks","2017-07-21 07:51:20","2017-07-21 07:51:57"
"582","rowikinews","2017-07-21 07:51:57","2017-07-21 07:52:36"
"583","rowikiquote","2017-07-21 07:52:36","2017-07-21 07:53:13"
"584","rowikisource","2017-07-21 07:53:13","2017-07-21 07:53:49"
"585","rowikivoyage","2017-07-21 07:53:49","2017-07-21 07:54:24"
"586","rowiktionary","2017-07-21 07:54:24","2017-07-21 07:55:01"
"587","ruewiki","2017-07-21 07:55:01","2017-07-21 07:55:36"
"588","ruwiki","2017-07-21 07:55:36","2017-07-21 07:57:56"
"589","ruwikibooks","2017-07-21 07:57:56","2017-07-21 07:58:32"
"590","ruwikinews","2017-07-21 07:58:32","2017-07-21 07:59:09"
"591","ruwikiquote","2017-07-21 07:59:09","2017-07-21 07:59:47"
"592","ruwikisource","2017-07-21 07:59:47","2017-07-21 08:00:30"
"593","ruwikivoyage","2017-07-21 08:00:30","2017-07-21 08:01:08"
"594","ruwiktionary","2017-07-21 08:01:08","2017-07-21 08:01:46"
"595","rwwiki","2017-07-21 08:01:46","2017-07-21 08:02:22"
"596","rwwiktionary","2017-07-21 08:02:22","2017-07-21 08:02:59"
"597","sahwiki","2017-07-21 08:02:59","2017-07-21 08:03:36"
"598","sahwikisource","2017-07-21 08:03:36","2017-07-21 08:04:13"
"599","sawiki","2017-07-21 08:04:13","2017-07-21 08:04:48"
"600","sawikibooks","2017-07-21 08:04:48","2017-07-21 08:05:27"
"601","sawikiquote","2017-07-21 08:05:27","2017-07-21 08:06:10"
"602","sawikisource","2017-07-21 08:06:10","2017-07-21 08:06:50"
"603","sawiktionary","2017-07-21 08:06:50","2017-07-21 08:07:33"
"604","scnwiki","2017-07-21 08:07:33","2017-07-21 08:08:14"
"605","scnwiktionary","2017-07-21 08:08:14","2017-07-21 08:08:54"
"606","scowiki","2017-07-21 08:08:54","2017-07-21 08:09:37"
"607","scwiki","2017-07-21 08:09:37","2017-07-21 08:10:17"
"608","scwiktionary","2017-07-21 08:10:17","2017-07-21 08:10:55"
"609","sdwiki","2017-07-21 08:10:55","2017-07-21 08:11:36"
"610","sdwikinews","2017-07-21 08:11:36","2017-07-21 08:12:14"
"611","sdwiktionary","2017-07-21 08:12:14","2017-07-21 08:12:53"
"612","sewiki","2017-07-21 08:12:53","2017-07-21 08:13:32"
"613","sewikibooks","2017-07-21 08:13:32","2017-07-21 08:14:12"
"614","sgwiki","2017-07-21 08:14:12","2017-07-21 08:14:51"
"615","sgwiktionary","2017-07-21 08:14:51","2017-07-21 08:15:28"
"616","shwiki","2017-07-21 08:15:28","2017-07-21 08:16:10"
"617","shwiktionary","2017-07-21 08:16:10","2017-07-21 08:16:49"
"618","simplewiki","2017-07-21 08:16:49","2017-07-21 08:17:27"
"619","simplewikibooks","2017-07-21 08:17:27","2017-07-21 08:18:05"
"620","simplewikiquote","2017-07-21 08:18:05","2017-07-21 08:18:42"
"621","simplewiktionary","2017-07-21 08:18:42","2017-07-21 08:19:19"
"622","siwiki","2017-07-21 08:19:19","2017-07-21 08:19:57"
"623","siwikibooks","2017-07-21 08:19:57","2017-07-21 08:20:35"
"624","siwiktionary","2017-07-21 08:20:35","2017-07-21 08:21:13"
"625","skwiki","2017-07-21 08:21:13","2017-07-21 08:21:53"
"626","skwikibooks","2017-07-21 08:21:53","2017-07-21 08:22:30"
"627","skwikiquote","2017-07-21 08:22:30","2017-07-21 08:23:07"
"628","skwikisource","2017-07-21 08:23:07","2017-07-21 08:23:44"
"629","skwiktionary","2017-07-21 08:23:44","2017-07-21 08:24:22"
"630","slwiki","2017-07-21 08:24:22","2017-07-21 08:25:15"
"631","slwikibooks","2017-07-21 08:25:15","2017-07-21 08:25:54"
"632","slwikiquote","2017-07-21 08:25:54","2017-07-21 08:26:33"
"633","slwikisource","2017-07-21 08:26:33","2017-07-21 08:27:10"
"634","slwiktionary","2017-07-21 08:27:10","2017-07-21 08:27:48"
"635","smwiki","2017-07-21 08:27:48","2017-07-21 08:28:26"
"636","smwiktionary","2017-07-21 08:28:26","2017-07-21 08:29:05"
"637","snwiki","2017-07-21 08:29:05","2017-07-21 08:30:10"
"638","snwiktionary","2017-07-21 08:30:10","2017-07-21 08:30:48"
"639","sowiki","2017-07-21 08:30:48","2017-07-21 08:31:27"
"640","sowiktionary","2017-07-21 08:31:27","2017-07-21 08:32:04"
"641","specieswiki","2017-07-21 08:32:04","2017-07-21 08:32:43"
"642","sqwiki","2017-07-21 08:32:44","2017-07-21 08:33:21"
"643","sqwikibooks","2017-07-21 08:33:21","2017-07-21 08:33:59"
"644","sqwikinews","2017-07-21 08:33:59","2017-07-21 08:34:40"
"645","sqwikiquote","2017-07-21 08:34:40","2017-07-21 08:35:50"
"646","sqwiktionary","2017-07-21 08:35:50","2017-07-21 08:36:28"
"647","srnwiki","2017-07-21 08:36:28","2017-07-21 08:37:11"
"648","srwiki","2017-07-21 08:37:11","2017-07-21 08:37:54"
"649","srwikibooks","2017-07-21 08:37:54","2017-07-21 08:38:32"
"650","srwikinews","2017-07-21 08:38:32","2017-07-21 08:39:10"
"651","srwikiquote","2017-07-21 08:39:10","2017-07-21 08:39:48"
"652","srwikisource","2017-07-21 08:39:48","2017-07-21 08:40:26"
"653","srwiktionary","2017-07-21 08:40:26","2017-07-21 08:41:04"
"654","sswiki","2017-07-21 08:41:04","2017-07-21 08:41:44"
"655","sswiktionary","2017-07-21 08:41:44","2017-07-21 08:42:22"
"656","stqwiki","2017-07-21 08:42:22","2017-07-21 08:42:59"
"657","stwiki","2017-07-21 08:42:59","2017-07-21 08:44:25"
"658","stwiktionary","2017-07-21 08:44:25","2017-07-21 08:45:03"
"659","suwiki","2017-07-21 08:45:03","2017-07-21 08:45:41"
"660","suwikibooks","2017-07-21 08:45:41","2017-07-21 08:46:21"
"661","suwikiquote","2017-07-21 08:46:21","2017-07-21 08:47:00"
"662","suwiktionary","2017-07-21 08:47:00","2017-07-21 08:47:39"
"663","svwiki","2017-07-21 08:47:39","2017-07-21 08:48:51"
"664","svwikibooks","2017-07-21 08:48:51","2017-07-21 08:49:31"
"665","svwikinews","2017-07-21 08:49:31","2017-07-21 08:50:10"
"666","svwikiquote","2017-07-21 08:50:10","2017-07-21 08:50:48"
"667","svwikisource","2017-07-21 08:50:48","2017-07-21 08:51:28"
"668","svwikivoyage","2017-07-21 08:51:28","2017-07-21 08:52:09"
"669","svwiktionary","2017-07-21 08:52:09","2017-07-21 08:52:56"
"670","swwiki","2017-07-21 08:52:56","2017-07-21 08:53:37"
"671","swwikibooks","2017-07-21 08:53:37","2017-07-21 08:54:16"
"672","swwiktionary","2017-07-21 08:54:16","2017-07-21 08:54:54"
"673","szlwiki","2017-07-21 08:54:54","2017-07-21 08:55:33"
"674","tawiki","2017-07-21 08:55:33","2017-07-21 08:56:13"
"675","tawikibooks","2017-07-21 08:56:13","2017-07-21 08:56:52"
"676","tawikinews","2017-07-21 08:56:52","2017-07-21 08:57:31"
"677","tawikiquote","2017-07-21 08:57:31","2017-07-21 08:58:09"
"678","tawikisource","2017-07-21 08:58:09","2017-07-21 08:58:48"
"679","tawiktionary","2017-07-21 08:58:48","2017-07-21 08:59:27"
"680","tcywiki","2017-07-21 08:59:27","2017-07-21 09:00:06"
"681","test2wiki","2017-07-21 09:00:06","2017-07-21 09:00:44"
"682","testwiki","2017-07-21 09:00:44","2017-07-21 09:01:24"
"683","testwikidatawiki","2017-07-21 09:01:24","2017-07-21 09:02:02"
"684","tetwiki","2017-07-21 09:02:02","2017-07-21 09:02:41"
"685","tewiki","2017-07-21 09:02:41","2017-07-21 09:03:21"
"686","tewikibooks","2017-07-21 09:03:21","2017-07-21 09:03:59"
"687","tewikiquote","2017-07-21 09:03:59","2017-07-21 09:04:38"
"688","tewikisource","2017-07-21 09:04:38","2017-07-21 09:05:18"
"689","tewiktionary","2017-07-21 09:05:18","2017-07-21 09:05:59"
"690","tgwiki","2017-07-21 09:05:59","2017-07-21 09:06:40"
"691","tgwikibooks","2017-07-21 09:06:40","2017-07-21 09:07:19"
"692","tgwiktionary","2017-07-21 09:07:19","2017-07-21 09:07:59"
"693","thwiki","2017-07-21 09:07:59","2017-07-21 09:08:39"
"694","thwikibooks","2017-07-21 09:08:39","2017-07-21 09:09:18"
"695","thwikinews","2017-07-21 09:09:18","2017-07-21 09:09:57"
"696","thwikiquote","2017-07-21 09:09:57","2017-07-21 09:10:37"
"697","thwikisource","2017-07-21 09:10:37","2017-07-21 09:11:16"
"698","thwiktionary","2017-07-21 09:11:16","2017-07-21 09:11:56"
"699","tiwiki","2017-07-21 09:11:56","2017-07-21 09:12:35"
"700","tiwiktionary","2017-07-21 09:12:35","2017-07-21 09:13:14"
"701","tkwiki","2017-07-21 09:13:14","2017-07-21 09:13:54"
"702","tkwikibooks","2017-07-21 09:13:54","2017-07-21 09:14:33"
"703","tkwikiquote","2017-07-21 09:14:33","2017-07-21 09:15:12"
"704","tkwiktionary","2017-07-21 09:15:12","2017-07-21 09:15:53"
"705","tlwiki","2017-07-21 09:15:53","2017-07-21 09:16:33"
"706","tlwikibooks","2017-07-21 09:16:33","2017-07-21 09:17:12"
"707","tlwiktionary","2017-07-21 09:17:12","2017-07-21 09:17:51"
"708","tnwiki","2017-07-21 09:17:51","2017-07-21 09:18:28"
"709","tnwiktionary","2017-07-21 09:18:28","2017-07-21 09:19:07"
"710","towiki","2017-07-21 09:19:07","2017-07-21 09:19:46"
"711","towiktionary","2017-07-21 09:19:46","2017-07-21 09:20:25"
"712","tpiwiki","2017-07-21 09:20:25","2017-07-21 09:21:04"
"713","tpiwiktionary","2017-07-21 09:21:04","2017-07-21 09:21:42"
"714","trwiki","2017-07-21 09:21:42","2017-07-21 09:22:22"
"715","trwikibooks","2017-07-21 09:22:22","2017-07-21 09:23:01"
"716","trwikinews","2017-07-21 09:23:01","2017-07-21 09:23:43"
"717","trwikiquote","2017-07-21 09:23:43","2017-07-21 09:24:20"
"718","trwikisource","2017-07-21 09:24:20","2017-07-21 09:24:58"
"719","trwiktionary","2017-07-21 09:24:58","2017-07-21 09:26:02"
"720","tswiki","2017-07-21 09:26:02","2017-07-21 09:26:40"
"721","tswiktionary","2017-07-21 09:26:40","2017-07-21 09:27:18"
"722","ttwiki","2017-07-21 09:27:18","2017-07-21 09:27:59"
"723","ttwikibooks","2017-07-21 09:27:59","2017-07-21 09:28:38"
"724","ttwikiquote","2017-07-21 09:28:38","2017-07-21 09:29:15"
"725","ttwiktionary","2017-07-21 09:29:15","2017-07-21 09:29:56"
"726","tumwiki","2017-07-21 09:29:56","2017-07-21 09:30:46"
"727","twwiki","2017-07-21 09:30:46","2017-07-21 09:31:31"
"728","twwiktionary","2017-07-21 09:31:31","2017-07-21 09:32:11"
"729","tyvwiki","2017-07-21 09:32:11","2017-07-21 09:32:51"
"730","tywiki","2017-07-21 09:32:51","2017-07-21 09:33:29"
"731","udmwiki","2017-07-21 09:33:29","2017-07-21 09:34:07"
"732","ugwiki","2017-07-21 09:34:07","2017-07-21 09:34:46"
"733","ugwikibooks","2017-07-21 09:34:46","2017-07-21 09:35:24"
"734","ugwikiquote","2017-07-21 09:35:24","2017-07-21 09:36:44"
"735","ugwiktionary","2017-07-21 09:36:44","2017-07-21 09:37:23"
"736","ukwiki","2017-07-21 09:37:23","2017-07-21 09:38:14"
"737","ukwikibooks","2017-07-21 09:38:14","2017-07-21 09:38:52"
"738","ukwikinews","2017-07-21 09:38:52","2017-07-21 09:39:31"
"739","ukwikiquote","2017-07-21 09:39:31","2017-07-21 09:40:09"
"740","ukwikisource","2017-07-21 09:40:09","2017-07-21 09:40:47"
"741","ukwikivoyage","2017-07-21 09:40:47","2017-07-21 09:41:24"
"742","ukwiktionary","2017-07-21 09:41:24","2017-07-21 09:42:03"
"743","urwiki","2017-07-21 09:42:03","2017-07-21 09:42:47"
"744","urwikibooks","2017-07-21 09:42:47","2017-07-21 09:43:25"
"745","urwikiquote","2017-07-21 09:43:25","2017-07-21 09:44:04"
"746","urwiktionary","2017-07-21 09:44:04","2017-07-21 09:45:11"
"747","uzwiki","2017-07-21 09:45:11","2017-07-21 09:45:58"
"748","uzwikibooks","2017-07-21 09:45:58","2017-07-21 09:46:37"
"749","uzwikiquote","2017-07-21 09:46:37","2017-07-21 09:47:16"
"750","uzwiktionary","2017-07-21 09:47:16","2017-07-21 09:47:54"
"751","vecwiki","2017-07-21 09:47:54","2017-07-21 09:48:34"
"752","vecwikisource","2017-07-21 09:48:34","2017-07-21 09:49:13"
"753","vecwiktionary","2017-07-21 09:49:13","2017-07-21 09:49:53"
"754","vepwiki","2017-07-21 09:49:53","2017-07-21 09:50:32"
"755","vewiki","2017-07-21 09:50:32","2017-07-21 09:51:14"
"756","viwiki","2017-07-21 09:51:14","2017-07-21 09:51:59"
"757","viwikibooks","2017-07-21 09:51:59","2017-07-21 09:52:40"
"758","viwikiquote","2017-07-21 09:52:40","2017-07-21 09:53:23"
"759","viwikisource","2017-07-21 09:53:23","2017-07-21 09:54:03"
"760","viwikivoyage","2017-07-21 09:54:03","2017-07-21 09:54:42"
"761","viwiktionary","2017-07-21 09:54:42","2017-07-21 09:55:21"
"762","vlswiki","2017-07-21 09:55:21","2017-07-21 09:55:59"
"763","vowiki","2017-07-21 09:55:59","2017-07-21 09:56:40"
"764","vowikibooks","2017-07-21 09:56:40","2017-07-21 09:57:19"
"765","vowikiquote","2017-07-21 09:57:19","2017-07-21 09:57:57"
"766","vowiktionary","2017-07-21 09:57:57","2017-07-21 09:58:35"
"767","warwiki","2017-07-21 09:58:35","2017-07-21 09:59:22"
"768","wawiki","2017-07-21 09:59:22","2017-07-21 10:00:02"
"769","wawikibooks","2017-07-21 10:00:02","2017-07-21 10:00:40"
"770","wawiktionary","2017-07-21 10:00:40","2017-07-21 10:01:35"
"771","wbwikimedia","2017-07-21 10:01:35","2017-07-21 10:03:09"
"772","wikidatawiki","2017-07-21 10:03:09","2017-07-21 10:04:23"
"773","wowiki","2017-07-21 10:04:23","2017-07-21 10:05:07"
"774","wowikiquote","2017-07-21 10:05:07","2017-07-21 10:05:56"
"775","wowiktionary","2017-07-21 10:05:56","2017-07-21 10:06:41"
"776","wuuwiki","2017-07-21 10:06:41","2017-07-21 10:07:24"
"777","xalwiki","2017-07-21 10:07:24","2017-07-21 10:08:06"
"778","xhwiki","2017-07-21 10:08:06","2017-07-21 10:08:46"
"779","xhwikibooks","2017-07-21 10:08:46","2017-07-21 10:09:27"
"780","xhwiktionary","2017-07-21 10:09:27","2017-07-21 10:10:07"
"781","xmfwiki","2017-07-21 10:10:07","2017-07-21 10:10:47"
"782","yiwiki","2017-07-21 10:10:47","2017-07-21 10:11:24"
"783","yiwikisource","2017-07-21 10:11:24","2017-07-21 10:12:05"
"784","yiwiktionary","2017-07-21 10:12:05","2017-07-21 10:12:44"
"785","yowiki","2017-07-21 10:12:44","2017-07-21 10:13:25"
"786","yowikibooks","2017-07-21 10:13:25","2017-07-21 10:14:04"
"787","yowiktionary","2017-07-21 10:14:04","2017-07-21 10:14:45"
"788","zawiki","2017-07-21 10:14:45","2017-07-21 10:15:25"
"789","zawikibooks","2017-07-21 10:15:25","2017-07-21 10:16:05"
"790","zawikiquote","2017-07-21 10:16:05","2017-07-21 10:16:44"
"791","zawiktionary","2017-07-21 10:16:44","2017-07-21 10:17:22"
"792","zeawiki","2017-07-21 10:17:22","2017-07-21 10:18:03"
"793","zh_classicalwiki","2017-07-21 10:18:03","2017-07-21 10:18:42"
"794","zh_min_nanwiki","2017-07-21 10:18:42","2017-07-21 10:19:22"
"795","zh_min_nanwikibooks","2017-07-21 10:19:22","2017-07-21 10:20:00"
"796","zh_min_nanwikiquote","2017-07-21 10:20:00","2017-07-21 10:20:39"
"797","zh_min_nanwikisource","2017-07-21 10:20:39","2017-07-21 10:21:17"
"798","zh_min_nanwiktionary","2017-07-21 10:21:17","2017-07-21 10:21:56"
"799","zh_yuewiki","2017-07-21 10:21:56","2017-07-21 10:22:35"
"800","zhwiki","2017-07-21 10:22:35","2017-07-21 10:25:45"
"801","zhwikibooks","2017-07-21 10:25:45","2017-07-21 10:26:24"
"802","zhwikinews","2017-07-21 10:26:24","2017-07-21 10:27:02"
"803","zhwikiquote","2017-07-21 10:27:02","2017-07-21 10:27:57"
"804","zhwikisource","2017-07-21 10:27:57","2017-07-21 10:28:36"
"805","zhwikivoyage","2017-07-21 10:28:36","2017-07-21 10:29:14"
"806","zhwiktionary","2017-07-21 10:29:14","2017-07-21 10:29:52"
"807","zuwiki","2017-07-21 10:29:52","2017-07-21 10:30:31"
"808","zuwikibooks","2017-07-21 10:30:31","2017-07-21 10:31:07"
"809","zuwiktionary","2017-07-21 10:31:07","2017-07-21 10:31:45"
