item,label,lon,lat
Q2217373,Sammlung Industrielle Gestaltung,13.414 , 52.5403
Q2249970,Q2249970,9.96856 , 48.80153
Q2267622,Tresoar,5.79028 , 53.20333
Q2278527,Shetland Museum,-1.14778 , 60.1586
Q2281700,Q2281700,5.09411 , 51.55606
Q2324688,Q2324688,11.85208 , 49.44103
Q2324704,Q2324704,9.0448 , 52.2588
Q2324709,Q2324709,10.9661 , 50.2587
Q2324714,Staatsarchiv Freiburg,7.845858 , 47.998447
Q2324720,Staatsarchiv Leipzig,12.4729 , 51.346
Q2324736,Q2324736,11.0743 , 49.46267
Q2324745,Staatsarchiv München,11.5797 , 48.1464
Q2324747,Q2324747,8.21999 , 53.1341
Q2324755,Q2324755,9.21909 , 48.0867
Q2324767,Q2324767,10.5322 , 52.1818
Q2324771,Q2324771,9.93715 , 49.79265
Q2326534,Stadtarchiv Braunschweig,10.5276 , 52.2638
Q2326553,Q2326553,11.03145 , 50.98018
Q2326555,Q2326555,9.30654 , 48.7419
Q2326557,Q2326557,7.850883 , 47.99433
Q2326565,Q2326565,6.90136 , 51.43313
Q2326585,Q2326585,8.36628 , 49.6334
Q2326589,Q2326589,7.16709 , 51.25912
Q2346824,Eemland Archive,5.382744 , 52.1588743
Q2363238,Q2363238,11.5889 , 48.1297
Q2383910,State Archives in Kortrijk,3.266986111 , 50.829536111
Q2417184,Q2417184,13.06332 , 52.41754
Q2430952,Q2430952,10.41271 , 50.57057
Q2451825,Q2451825,10.6849 , 53.868
Q2496267,Q2496267,10.8866 , 48.353
Q2496275,Tübingen University Archives,9.0613 , 48.5249
Q2496277,Q2496277,15.30985 , 52.45213
Q2523295,Archives of the Royal Palace,4.364575 , 50.841688888
Q2529291,State Archives in Beveren,4.261513888 , 51.206469444
Q2565330,Q2565330,7.48024 , 51.50265
Q2565882,National Film and Sound Archive,149.121 , -35.283
Q2585819,Q2585819,9.21492 , 48.71238
Q2654413,Archive for Alternative Culture,13.3958 , 52.5127
Q2698890,Q2698890,7.84527778 , 47.99388889
Q2740329,State Archives in Bruges,3.233372222 , 51.208533333
Q2753709,State Archives in Ghent,3.722727777 , 51.047544444
Q2860409,Q2860409,13.7447 , 51.05152
Q2860416,Archives d'architecture moderne,4.36569 , 50.828733
Q2860422,State Archive of Naples,14.2593 , 40.8484
Q2860424,Q2860424,12.4742 , 41.8981
Q2860425,Q2860425,14.7582 , 40.6805
Q2860426,State Archive of the Russian Federation,37.57419444 , 55.73291667
Q2860429,Russian State Archive of Literature and Art,37.488093 , 55.834074
Q2860437,State Archives in Eupen,6.0403 , 50.631519444
Q2860442,State Archives in Tournai,3.380936111 , 50.609322222
Q2860519,Archives et Musée de la littérature,4.356388888 , 50.843333333
Q2860528,National Archives of Belgium,4.35662 , 50.84237
Q2860536,National Archives of Belgium 2 - Joseph Cuvelier depot,4.341719444 , 50.850963888
Q2860568,Archives of American Art,-77.0227 , 38.8979
Q2892902,Information Center for Israeli Art,35.204525 , 31.77237778
Q2903101,Central Zionist Archives,35.201 , 31.78686111
Q2910511,Q2910511,34.860361111 , 32.048416666
Q3359412,Amsab-Instituut voor Sociale Geschiedenis,3.726728 , 51.047602
Q3514826,Tamiment Library and Robert F. Wagner Archives,-73.9973 , 40.7295
Q3571546,General Archive of the Crown of Aragon,2.18750278 , 41.39546667
Q1396826,Q1396826,7.46678 , 53.4668
Q1404526,Q1404526,7.822131 , 47.978813
Q1432360,Ronald Reagan Presidential Library,-118.819744444 , 34.259516666
Q1435690,Cini Foundation,12.34333333 , 45.42916667
Q1450324,Q1450324,12.15864 , 48.52998
Q1476457,Q1476457,8.88094 , 51.9295
Q1485254,Q1485254,12.922 , 50.8215
Q1486075,Q1486075,13.3936 , 54.0933
Q1487017,State Archives of the Free and Hanseatic City of Hamburg,10.06888889 , 53.575
Q1487762,Rhenish Picture Archive,6.95073 , 50.94186
Q1502481,Q1502481,10.0148 , 53.2578
Q1530896,Glenbow Museum,-114.061 , 51.0452
Q1538497,Q1538497,11.1854 , 48.8917
Q1547461,Heilbronn  Municipal Archive,9.21807 , 49.1406
Q1566557,Russian State Archive of Socio-Political History,37.612331 , 55.762549
Q1573230,Q1573230,10.0012 , 53.5454
Q1576734,Cultural Center East Prussia,10.96416 , 49.06076
Q1589617,Q1589617,13.7471 , 51.0599
Q1589618,Q1589618,9.73056 , 52.3697
Q1589622,Q1589622,9.18444 , 48.7767
Q1590812,Q1590812,8.7616 , 50.1084
Q1591745,Reutlingen city archives,9.21093 , 48.49088
Q1596358,Q1596358,6.936 , 50.9402
Q1602963,Q1602963,8.23944 , 50.0633
Q1610731,Q1610731,13.31638 , 52.58025
Q1615559,Q1615559,9.53248 , 46.8489
Q1616000,Q1616000,8.65514 , 49.8754
Q1620974,Q1620974,7.00882 , 51.40733
Q1622060,Q1622060,6.08772 , 50.7723
Q1656471,Q1656471,10.50051 , 48.58398
Q1664997,Q1664997,8.67806 , 50.1092
Q1667697,Q1667697,8.72278 , 47.5111
Q1674348,Q1674348,7.05663611 , 49.24507222
Q1716784,Q1716784,7.59403 , 50.3624
Q1724217,Q1724217,7.00927 , 51.55248
Q1729042,Karbe Wagner Archive for Regional Historical Research,13.0696 , 53.3622
Q1739527,Q1739527,13.35207 , 52.49125
Q1749075,Thüringisches Staatsarchiv Gotha,10.711543333 , 50.947938333
Q1757995,Q1757995,9.22118 , 49.1458
Q1784746,Q1784746,10.5322 , 52.1818
Q1798476,Q1798476,7.63534722 , 51.96319444
Q1800276,Q1800276,10.89684 , 49.88463
Q1802097,Q1802097,13.3881 , 54.0922
Q1802098,North Rhine-Westphalia State Archives Rhineland Division,6.758068 , 51.437381
Q1802099,North Rhine-Westphalia State Archives Westphalia Division,7.63444 , 51.9655
Q1802229,Landeshauptarchiv Schwerin,11.4139 , 53.6265
Q1802231,Landesarchiv Sachsen-Anhalt,11.65958 , 52.12807
Q1802288,Q1802288,8.5331 , 52.0214
Q1802291,Q1802291,9.72735 , 52.3736
Q1806929,Q1806929,9.22543 , 48.7978
Q1865116,Literaturarchiv,11.7409 , 49.5048
Q1922991,Expatriate Archive Centre,4.308 , 52.090556
Q1978308,Drenthe Archive,6.56377 , 52.993431
Q1994066,State Archives in Brussels,4.317605555 , 50.837947222
Q2072397,Q2072397,6.90614 , 50.8285
Q2101569,Q2101569,13.39938 , 52.51343
Q2132453,State Archives in Leuven,4.701877777 , 50.881158333
Q2154134,Smithsonian Institution Archives,-77.0214 , 38.8861
Q2176121,Q2176121,4.781389 , 51.583889
Q2184731,State Archives in Hasselt,5.33 , 50.93
Q461,Internet Archive,-122.47156944 , 37.78230556
Q27901,German Music Archive,12.3967 , 51.3224
Q51080,central navy archive,30.109649 , 59.561234
Q94200,Joan Maragall Archive,2.14725278 , 41.40082222
Q156591,Yad Vashem,35.175555555 , 31.774166666
Q307807,Central Archive of the Russian Ministry of Defence,37.510230111 , 55.421468888
Q477051,General Archive of the Indies,-5.992777777 , 37.384722222
Q480470,Centro di Documentazione Ebraica Contemporanea,9.16691667 , 45.47672222
Q631641,SS. Cyril and Methodius National Library,23.336111111 , 42.694722222
Q634421,Centre de Documentació i Museu de les Arts Escèniques,2.15775 , 41.37119722
Q635510,Archiv Frau und Musik,8.65036 , 50.09225
Q635522,Archive of the Academy of Arts,13.37943 , 52.52793
Q635546,Hudson's Bay Company Archives,-97.1483 , 49.8891
Q635551,archive of the Max-Planck-Gesellschaft,13.27785 , 52.44679
Q635560,Archiv der Region Hannover,9.46313 , 52.5026
Q635571,Q635571,9.90903 , 51.32243
Q635573,Q635573,10.8956 , 48.3711
Q635575,Archiv der sozialen Demokratie,7.13471 , 50.70227
Q635579,Archiv des Erzbistums München und Freising,11.5713 , 48.1403
Q635608,Q635608,7.41343 , 51.4849
Q635612,Archive for Christian Democratic Policy,7.18522 , 50.7775
Q635613,Q635613,11.5473 , 48.1527
Q635639,Philatelic Archive in Bonn,7.13826 , 50.7064
Q635845,Q635845,13.36302778 , 38.11372222
Q639860,Stasi Records Agency,13.41344 , 52.52585
Q666063,National Library of Wales,-4.06846 , 52.4145
Q675617,Swiss Literary Archives,7.44955 , 46.94134
Q679141,Swiss Federal Archives,7.446508333 , 46.940447222
Q686443,Department of Planned Languages and Esperanto Museum,16.3653 , 48.2093
Q798038,Bach-Archiv Leipzig,12.37226 , 51.33865
Q807725,Barbarastollen underground archive,7.93591667 , 47.92296667
Q810200,Basis Wien,16.33507778 , 48.18960556
Q811389,Bauhaus Archive,13.3542 , 52.5061
Q812415,Bavarian War Archive,11.546 , 48.159
Q812456,Bavarian Economic Archive,11.5985 , 48.1244
Q819360,Bergarchiv Freiberg,13.3404 , 50.9205
Q821277,Berlin Document Center,13.2341 , 52.4507
Q850178,Bettmann Archive,-79.887 , 41.111
Q860581,Prussian Heritage Image Archive,13.40998 , 52.5128
Q864396,Q864396,7.1135 , 50.7221
Q882788,Prussian Privy State Archives,13.29277778 , 52.46111111
Q897953,Brandenburgisches Landeshauptarchiv,12.97074 , 52.41384
Q966013,Stadtarchiv Stralsund,13.0919 , 54.3169
Q1023323,Centre for Historical Research and Documentation on War and Society,4.338411111 , 50.840638888
Q1131877,Netherlands Institute for Sound and Vision,5.173056 , 52.235278
Q1205625,German film archive,8.28944444 , 50.05555556
Q1205757,Q1205757,8.26511 , 49.9993
Q1205863,Q1205863,12.0057 , 50.0307
Q1205987,Q1205987,11.08095556 , 49.45694722
Q1231602,Q1231602,9.18665 , 48.77905
Q1235186,Q1235186,8.81505 , 53.0732
Q1273361,Q1273361,10.32 , 50.975
Q1283726,Prussian State Archive Königsberg,20.494 , 54.7193
Q1303530,Q1303530,9.22088 , 49.1433
Q1309441,Q1309441,116.078888 , 5.95392
Q1382588,Bremen City Archive,8.81611 , 53.077
Q3621652,Florence State Archives,11.2707 , 43.7692
Q3621654,Q3621654,10.5048 , 43.8439
Q3621660,Q3621660,11.3328 , 43.3191
Q3664905,Q3664905,10.347165 , 44.8567706
Q3816331,Sant Andreu de Llavaneres Archive Museum,2.48662222 , 41.57200833
Q3816478,Vilassar de Dalt Archive-Museum,2.35673 , 41.5193
Q3816577,Cardadeu Tomàs Balvey Museum-Archive,2.35491389 , 41.63799722
Q3819476,Calella Josep M. Codina i Bagué Municipal Archive Museum,2.657277777 , 41.612833333
Q4070710,Archive of the President of the Russian Federation,37.6287549 , 55.7546581
Q4134099,Gaspico,49.6839499 , 58.6142972
Q4139147,The main archival department of the city of Moscow,37.5399333 , 55.6581104
Q4146440,Gosteleradiofond,37.604444444 , 55.820277777
Q4146766,State Archives of the Kostroma Region,40.973268 , 57.749212
Q4146771,State Archives of Krasnodar Region,39.0329907 , 45.0190446
Q4146772,State Archives of the Murmansk Region,33.079438888 , 68.981938888
Q4146775,State Archives of the Rostov Region,39.718572 , 47.224992
Q4146776,State Archives of the Tomsk Region,84.9392672 , 56.5101444
Q4146780,State Archives of the city of Ishimbai,56.0472679 , 53.4556697
Q4146783,State Archive of Contemporary History of Kostroma Region,40.961218 , 57.7601
Q4339426,Department of Cultural Heritage and Archives of the Ministry of Culture of the Kaliningrad Region,20.482367 , 54.724842
Q4351537,Perm State Archive of Recent History,56.224804 , 58.00646
Q4354050,Military Archives of Sweden,18.0985 , 59.3418
Q4398057,"Russian State Naval Archive, Saint Petersburg",30.318343 , 59.9411095
Q4398058,Russian State Film and Photo Archive,37.3414266 , 55.8204506
Q4398059,Russian State Archive of Ancient Documents,37.574556 , 55.732694
Q4398060,Russian State Archive of Economy,37.5753271 , 55.7335301
Q4398061,Russian State Military Historical Archive,37.684745 , 55.768029
Q4398065,Russian State Historical Archive,30.427222222 , 59.933888888
Q4504294,Central State Archive of Cinema and Photo Documents of St. Petersburg,30.378538888 , 59.947888888
Q4504307,Central historical archive of Moscow,37.5399333 , 55.6581104
Q4504324,Central United Archives of Educational Institutions in Moscow,37.66613 , 55.744046
Q4591838,Public Record Office of Northern Ireland,-5.95896667 , 54.56626944
Q4743983,American Heritage Center,-105.567 , 41.3147
Q4764154,Angus Library and Archive,-1.261 , 51.7573
Q4768770,Anne S. K. Brown Military Collection,-71.449563 , 41.858007
Q4787294,Archives of American Gardens,-77.0215 , 38.886
Q4787313,Archives of the University of Santo Tomas,120.98930556 , 14.60986111
Q4795791,Arquivo Edgard Leuenroth,-47.06846111 , -22.81473333
Q4836744,BT Archives,-0.1165 , 51.518
Q4946748,Borthwick Institute for Archives,-1.05211 , 53.94919
Q5001071,Bury Art Museum,-2.298854 , 53.591733
Q5062901,Centro de Documentación Musical de Andalucía,-3.593361111 , 37.179333333
Q5092971,Cheshire Record Office,-2.888 , 53.187
Q5116626,Church History Library,-111.89 , 40.7721
Q5118159,Churchill Archives Centre,0.10194444 , 52.21333333
Q5531705,General Archive of the Spanish Civil War,-5.66725 , 40.95969444
Q5643731,Archivo de la Fundación Sierra-Pambley,-5.56766389 , 42.59945278
Q5671855,Harry Ransom Center,-97.7412 , 30.2843
Q5702929,Archivo General del Ministerio de Justicia,-3.707538888 , 40.424155555
Q5702941,Archivo Histórico Provincial de Albacete,-1.85694444 , 38.99611111
Q5702943,Archivo Histórico Provincial de Cantabria,-3.81361111 , 43.45444444
Q5702946,Archivo Histórico Provincial de Ciudad Real,-3.92068611 , 38.98751389
Q5702951,Archivo Histórico Provincial de Cuenca,-2.12684989 , 40.08175278
Q5702954,Archivo Histórico Provincial de Córdoba,-4.777055555 , 37.883083333
Q5702958,Archivo Histórico Provincial de Guadalajara,-3.179916666 , 40.630805555
Q10926785,Taiwan Historica,120.701 , 23.937
Q11356300,Q11356300,6.13998 , 46.1843
Q11375271,Kyoto Prefectural Library and Achives,135.766417 , 35.050556
Q11405795,Q11405795,139.746492 , 35.693223
Q11906813,Archivo Fidel Fita,2.55142 , 41.5795
Q11909321,Archivo Histórico de Mahón,4.265 , 39.88972222
Q11970576,Q11970576,6.854434 , 61.181276
Q12009491,Vestfold Archives,10.17508333 , 59.13358333
Q12022215,Yad Yaari,35.02083333 , 32.45777778
Q12038677,Q12038677,16.5653 , 49.1756
Q12055562,Coventry History Centre,-1.5061 , 52.4072
Q12056841,Regional State Archives in Třeboň,14.7692 , 49.0034
Q12164153,Ukrainian Museum-Archives,-81.69021 , 41.479965
Q12309643,Exercerhuset,9.40714 , 56.4539
Q12310241,Danish National Business Archives,10.2001 , 56.1546
Q12404273,Q12404273,34.76975 , 32.064222222
Q12718614,Regional State Archives in Bergen,5.359955 , 60.38096194
Q13037117,National Archives of Albania,19.81277778 , 41.33555556
Q14531617,Q14531617,14.6244 , 51.7556
Q14563947,Landesarchiv,9.522758 , 47.137115
Q14564649,Max-Frisch-Archiv,8.54761 , 47.37659
Q14682062,Grateful Dead Archive,-122.05430556 , 36.97761111
Q14828326,Stadtarchiv Zerbst,12.08343 , 51.96372
Q15110429,Q15110429,8.756715 , 51.720259
Q15114770,Hessian State Archives,8.243523 , 50.078171
Q15307574,Archivo Histórico Provincial de Teruel,-1.105805555 , 40.345555555
Q15430691,Münster University Archive,7.5999687 , 51.9740495
Q15547069,Historical Provincial Archive of Huesca,0.4052 , 42.1395
Q15690131,Historical Provincial Archive of Zaragoza,-0.876583333 , 41.654444444
Q15805608,Q15805608,7.844977 , 47.998363
Q15849896,Q15849896,11.343196 , 46.503161
Q15977969,Russian State Archive of Sound Recordings,37.684745 , 55.768029
Q16167953,Fribourg State Archives,7.15 , 46.798333333
Q16267027,Russian state archive for scientific-technical documentation,37.5389 , 55.6573
Q16334448,National Jazz Archive,0.059 , 51.6492
Q16532209,Archivo Histórico Provincial de Salamanca,-5.668472222 , 40.960861111
Q16580162,Regional Museum in Tomaszów Lubelski,23.4167 , 50.45
Q16679924,National Archive of the Republic of Karelia,34.380833333 , 61.788888888
Q16715460,Central State Archives of the Republic of Dagestan,47.478944 , 42.992823
Q16715462,Central State Archives of Public Associations of the Republic of Bashkortostan,55.946218 , 54.720655
Q16715464,Central State Historical Archives of the Republic of Bashkortostan,55.938687 , 54.720545
Q16724492,Q16724492,7.80944444 , 51.68027778
Q16801867,Q16801867,9.795615 , 48.798658
Q16831761,Q16831761,7.006567 , 51.449975
Q16867578,Archivo Histórico Provincial (Castellón de la Plana),-0.029138888 , 39.988694444
Q16964584,Historical PTT archive and library,7.41421 , 46.9241
Q17152380,Archivo Intermedio Militar Pirenaico,2.110061111 , 41.386452777
Q17152388,Q17152388,2.82675 , 41.984769444
Q17152389,Q17152389,0.620802777 , 41.614819444
Q17156939,Q17156939,2.19793 , 41.39292
Q17156953,Q17156953,1.11407222 , 41.15372222
Q17156956,Q17156956,2.01242 , 41.565
Q17156957,Q17156957,2.010697 , 41.565286
Q17361850,Greater Manchester Police Museum and Archives,-2.32612 , 53.4824
Q17496844,Archivo Histórico de Euskadi,-2.9435 , 43.26451111
Q17530977,William Salt Library,-2.114 , 52.8066
Q17539455,Q17539455,5.35 , 60.385833333
Q17592548,City Archives Mannheim,8.477024 , 49.490836
Q17623395,German Dance Archives Cologne,6.94339 , 50.94869
Q17722500,Gwent Archives,-3.20232 , 51.7774
Q18028944,Greifswald University Archive,13.37934 , 54.0949
Q18160113,Hammersmith Library,-0.223674 , 51.494632
Q18393127,Surrey History Centre,-0.5701 , 51.3169
Q18399275,Russian State Historical Archive of the Far East,131.8823126 , 43.1133747
Q18406004,State Archives of Perm Krai,56.283262 , 58.011026
Q18406007,State Archives of the Saratov Region,46.032065 , 51.5366664
Q18416114,Q18416114,12.24086 , 45.49067
Q18511732,Q18511732,2.8838441 , 50.8559601
Q18581036,Archivo Histórico de la Provincia de Buenos Aires,-57.949469444 , -34.9141
Q18662854,Leningrad Regional State Archive in the city of Vyborg,28.72376 , 60.715316944
Q18691608,General State Archives - Regional Archives of Rodopi,25.407358 , 41.115945
Q18785387,Q18785387,12.32994 , 45.43277
Q18785388,Q18785388,12.32994 , 45.43277
Q18785389,Q18785389,12.32994 , 45.43277
Q18923626,Q18923626,12.32994 , 45.43277
Q18923683,Q18923683,12.32994 , 45.43277
Q18972133,Interference Archive,-73.9914 , 40.6725
Q19309399,Q19309399,9.28075086 , 47.38812401
Q19362289,"ABB Schweiz, Sammlung Archiv",8.282589608 , 47.45447638
Q19362432,Konzernarchiv SEFAR,9.53254 , 47.43762
Q19362512,"SRG SSR idée suisse, Zentralarchiv der Generaldirektion",7.473730555 , 46.944130555
Q19362514,Stadtarchiv Bern,7.45013 , 46.94259
Q19362599,Eidgenössisches Mikrofilmarchiv,7.646288888 , 47.046066666
Q19362754,Archiv Schweizer Milchproduzenten,7.460118 , 46.993347
Q19409572,Státní okresní archiv Semily,15.3293333 , 50.6069939
Q19916219,Central Archive of the City of Moscow,37.5399333 , 55.6581104
Q19962451,Q19962451,8.499179 , 47.952183
Q19964115,Q19964115,9.47165966 , 51.31851959
Q19965591,Q19965591,8.51 , 51.99166667
Q19965798,Q19965798,8.66187 , 52.11551
Q19968070,Q19968070,8.06527805 , 51.39263916
Q20009614,Q20009614,12.32994 , 45.43277
Q20205129,Archivo General Territorial de la Xunta de Galicia en Lugo,-7.560555555 , 43.013944444
Q20643160,Begegnungsstätte Alte Synagoge,7.14438889 , 51.25930556
Q20875698,Documentation Centre of the Orfeó Català,2.18 , 41.39
Q20908150,Archivo Histórico de Ibiza,1.436972222 , 38.9075
Q21009844,Traditional Music Holdings,2.168888888 , 41.380833333
Q21040660,Q21040660,8.40910935 , 49.00731096
Q21040684,Q21040684,8.415038 , 49.009181
Q21073899,Fribourg State Archives (Switzerland),7.150018 , 46.798174
Q21091694,Q21091694,7.3934 , 47.1916
Q21328996,E. H. Butler Library,-78.8807937 , 42.9337127
Q21635655,Archival Department of the Government of the Chechen Republic,45.6960888 , 43.3369839
Q21645238,Central State Archives of St. Petersburg,30.458127 , 59.904721
Q21769957,Q21769957,16.846936666 , 41.128790277
Q21776725,Glamorgan Archives,-3.2014 , 51.4711
Q22083382,Archivo del Museo Provincial de Lugo,-7.558877777 , 43.011447222
Q22083859,Historic Archive (Bitola),21.330305555 , 41.031972222
Q22087356,West Sussex Record Office,-0.7848 , 50.8377
Q22935378,Madeline Davis GLBT Archives of Western New York,-78.8821 , 42.9336
Q23018709,Northamptonshire Record Office,-0.9007 , 52.2132
Q23018830,The Beverley Treasure House,-0.429301 , 53.840508
Q23038399,Q23038399,7.21746 , 51.48893
Q23047328,Q23047328,20.487277777 , 53.783027777
Q23047345,Q23047345,18.595822222 , 53.012113888
Q23305515,Hampshire Archives and Local Studies,-1.3186 , 51.0667
Q23305516,Southampton Archives,-1.40651667 , 50.90799444
Q23541398,Q23541398,11.01408333 , 49.59944444
Q23785318,Q23785318,11.741 , 48.40672
Q23808380,Historic Archive (Štip),22.191378 , 41.741403
Q23952604,Historic Archive (Tetovo),20.965212 , 42.008169
Q23952605,Historic Archive (Strumica),22.636722222 , 41.435388888
Q23952609,Historic Archive (Skopje),21.390277777 , 42.003055555
Q23952611,Historic Archive (Prilep),21.558771 , 41.342671
Q23952612,Historic Archive (Ohrid),20.810333333 , 41.111555555
Q23952614,Historic Archive (Kumanovo),21.717944444 , 42.135666666
Q23952615,Historic Archive (Veles),21.771277777 , 41.717527777
Q24546279,Archivo de la Universidad de Alcalá,-3.360778 , 40.479361
Q24707525,Archivo de la Universidad de Santiago de Compostela,-8.542111111 , 42.882305555
Q24826511,Q24826511,13.424138888 , 42.030583333
Q24934362,Central State Archives of the Moscow Region,37.598754 , 55.655443
Q24938493,Archivo Histórico Provincial de Alicante,-0.506305555 , 38.341
Q25228907,Q25228907,14.4378372 , 50.1078792
Q25491154,Q25491154,35.534611111 , 32.970361111
Q26203717,Q26203717,5.4193336 , 51.8857589
Q26832919,Masaryk Institute and Archive,14.4631433 , 50.1183906
Q26846995,Q26846995,14.4237425 , 50.0867867
Q27022744,Archivo Municipal de Alcalá de Henares,-3.364138888 , 40.480194444
Q27165483,Little museum of the Diary,12.041872 , 43.668797
Q27480204,Centro Federico García Lorca,-3.600805555 , 37.177611111
Q27489641,SwissJazzOrama,8.706743 , 47.356256
Q27811431,L. Tom Perry Special Collections Library,-111.649 , 40.249194444
Q27867976,Ceredigion County Archives,-4.0816892 , 52.4173211
Q27882533,Stadtarchiv Mainz,8.2695 , 50.00839
Q27926706,Archives of the Cathedral of Las Palmas de Gran Canaria,-15.415805555 , 28.100586111
Q27960548,Q27960548,2.178699 , 41.383142
Q27973011,Q27973011,6.77595 , 51.24703
Q28028332,The Historical Collections (1889-1955) of St. Petersburg Phonogram Archives,30.281347388 , 59.919743694
Q28044764,Scientific Archives of Karelian Research Centre of RAS,34.378333333 , 61.791388888
Q28657247,Q28657247,8.68314 , 50.13129
Q28681612,Stadtarchiv und Stadtbibliothek Schweinfurt,10.23177 , 50.04607
Q28681735,Q28681735,10.92741 , 49.48598
Q28733464,Q28733464,8.71573 , 49.41035
Q28733482,Q28733482,12.14196 , 54.08829
Q28733513,Q28733513,7.05451 , 49.25155
Q28733664,Q28733664,12.0809 , 49.00127
Q28733702,Q28733702,9.79303 , 48.09557
Q28733703,Q28733703,13.42097 , 52.54466
Q28733709,Q28733709,12.40582 , 51.33792
Q28733714,Q28733714,9.05238 , 48.52318
Q28733724,Q28733724,7.83306 , 48.00141
Q28733730,Q28733730,9.31085 , 48.73389
Q28733731,Q28733731,9.49765 , 51.3142
Q28734045,Q28734045,9.67066 , 50.55538
Q28734074,Q28734074,9.93257 , 53.5563
Q28734091,Q28734091,7.47712 , 51.3582
Q28734153,Q28734153,13.004 , 47.6301
Q28734166,Q28734166,11.0969 , 47.9454
Q28734181,Q28734181,11.10432 , 47.49399
Q28734195,Q28734195,11.2663 , 47.44162
Q28734205,Q28734205,11.0715 , 47.80047
Q28734218,Q28734218,12.3453 , 47.8469
Q28734229,Q28734229,11.62699 , 48.60305
Q28734245,Q28734245,11.19476 , 48.48715
Q28734258,Q28734258,10.5581 , 47.58131
Q28734271,Q28734271,11.09006 , 48.58197
Q28734298,Q28734298,9.68716 , 47.54787
Q28734344,Q28734344,9.18938 , 47.68993
Q28734361,Q28734361,10.341 , 49.7859
Q28734407,Q28734407,12.18979 , 50.05546
Q28734422,Q28734422,10.73937 , 49.82819
Q28734439,Q28734439,12.22099 , 48.7673
Q28734454,Q28734454,12.35364 , 48.44964
Q28734467,Q28734467,12.12643 , 49.12286
Q28734542,Q28734542,9.17712 , 48.77881
Q28734550,Q28734550,11.14408 , 47.83886
Q28734744,Q28734744,12.32266 , 51.61887
Q28734745,Q28734745,12.57791 , 51.88281
Q28734746,Q28734746,12.00134 , 51.35911
Q28734747,Q28734747,10.79337 , 51.83703
Q28734748,Q28734748,11.04878 , 51.89569
Q28734749,Q28734749,13.23755 , 51.69346
Q28734752,Q28734752,6.96701 , 50.92374
Q28734759,Q28734759,6.84225 , 51.85259
Q28734760,Q28734760,8.56144 , 51.55714
Q28734761,Q28734761,6.85126 , 51.11985
Q28734762,Q28734762,6.478 , 50.80805
Q28734763,Q28734763,6.33238 , 51.52026
Q28734764,Q28734764,6.4214 , 51.36677
Q28734765,Q28734765,7.79296 , 51.43672
Q28734766,Q28734766,7.19624 , 51.60938
Q28734767,Q28734767,9.54883 , 54.51783
Q28734768,Q28734768,7.09978 , 50.54434
Q28734769,Q28734769,7.75755 , 51.59763
Q28734772,Q28734772,13.8333 , 52.8333
Q28734773,Q28734773,7.44862 , 50.7703
Q28734774,Q28734774,8.6761 , 50.13439
Q28734775,Q28734775,6.10758 , 51.06054
Q28734776,Q28734776,8.66166 , 52.11557
Q28734777,Q28734777,12.18413 , 50.42312
Q28734778,Q28734778,8.79663 , 53.22497
Q28734779,Q28734779,13.11966 , 52.38966
Q28734781,Q28734781,7.34462 , 52.14987
Q28734787,Q28734787,9.214 , 48.49638
Q28734790,Q28734790,10.45708 , 50.72455
Q28734792,Q28734792,7.69144 , 51.54495
Q28734794,Q28734794,6.60815 , 51.66499
Q28734797,Q28734797,8.50066 , 50.55619
Q28734805,Q28734805,8.7747 , 50.81017
Q28734810,Q28734810,10.41989 , 47.8468
Q28734813,Q28734813,10.29955 , 47.94171
Q28734818,Q28734818,11.2806 , 47.9107
Q28734850,Q28734850,8.80929 , 53.07383
Q28734866,Q28734866,10.00148 , 53.5455
Q28734888,Q28734888,12.56666 , 52.4148
Q28734889,Q28734889,12.37834 , 51.34184
Q28734890,Q28734890,7.60375 , 50.23011
Q28734896,Q28734896,7.84978 , 48.12023
Q28734899,Q28734899,13.46637 , 52.52025
Q28734909,Q28734909,8.61614 , 50.21538
Q28734911,Q28734911,11.56634 , 48.14435
Q28734913,Q28734913,11.56674 , 49.9332
Q28734914,Q28734914,8.24195 , 49.99507
Q28734915,Q28734915,9.14232 , 48.73012
Q28734931,Q28734931,7.21688 , 51.47412
Q28734940,Q28734940,13.38194 , 52.52403
Q28734942,Q28734942,11.41396 , 53.6296
Q28734943,Q28734943,11.17748 , 53.86214
Q28734945,Q28734945,9.20083 , 48.89052
Q28734947,Q28734947,12.3844 , 50.73827
Q28734948,Q28734948,8.11486 , 51.5724
Q28734949,Q28734949,7.53439 , 51.24074
Q28734950,Q28734950,7.74999 , 51.17797
Q28734951,Q28734951,10.88535 , 49.89427
Q28734954,Q28734954,8.08792 , 51.08686
Q28734957,Q28734957,9.2155 , 48.81237
Q28734959,Q28734959,7.07485 , 51.4619
Q28734960,Q28734960,6.97086 , 51.25186
Q28734961,Q28734961,6.6935 , 50.86938
Q28734962,Q28734962,8.52479 , 52.0093
Q28734965,Q28734965,9.14818 , 49.97385
Q28734967,Q28734967,8.70939 , 50.57452
Q28734968,Q28734968,8.38938 , 51.04895
Q28734970,Q28734970,11.58066 , 48.14604
Q28734972,Q28734972,7.6185 , 51.9606
Q28734973,Q28734973,6.01114 , 51.78837
Q28734974,Q28734974,6.188 , 51.76275
Q28734975,Q28734975,8.25752 , 49.99971
Q28734976,Q28734976,6.08432 , 50.7765
Q28734979,Q28734979,11.33173 , 50.98171
Q28734981,Q28734981,9.17558 , 48.78279
Q28734983,Q28734983,8.39877 , 49.00702
Q28734984,Q28734984,12.09383 , 48.99773
Q28734986,Q28734986,8.01505 , 50.87061
Q28734988,Q28734988,7.21114 , 50.54812
Q28734989,Q28734989,6.78877 , 51.23794
Q28734990,Q28734990,7.98506 , 51.94126
Q28734991,Q28734991,7.17448 , 51.94438
Q28734992,Q28734992,8.88283 , 51.93436
Q28734994,Q28734994,13.47054 , 52.56209
Q28734995,Q28734995,11.57113 , 48.14041
Q28734996,Q28734996,8.49413 , 52.03507
Q28734997,Q28734997,7.67093 , 51.29737
Q28735000,Q28735000,6.79464 , 51.19199
Q28735003,Q28735003,6.63983 , 49.75356
Q28735005,Q28735005,11.1038 , 49.45758
Q28735007,Q28735007,8.044 , 52.27893
Q28735010,Q28735010,6.89353 , 50.66353
Q28735012,Q28735012,10.1132 , 54.30865
Q28735013,Q28735013,13.71606 , 51.85375
Q28735016,Q28735016,6.27083 , 50.81806
Q28735017,Q28735017,11.33937 , 50.97837
Q28735018,Q28735018,8.76077 , 50.80901
Q28735024,Q28735024,13.94575 , 50.96158
Q28735026,Q28735026,8.41524 , 48.46173
Q28735027,Archives of the University of Freiburg,7.84506 , 47.99252
Q28735029,Q28735029,6.77255 , 51.23219
Q28735033,Q28735033,11.97938 , 51.47186
Q28735034,Q28735034,9.93435 , 49.79091
Q28735035,Q28735035,8.91938 , 52.28716
Q28735037,Q28735037,10.2857 , 50.40293
Q28735042,Q28735042,8.64921 , 53.16823
Q28735043,Q28735043,6.78354 , 50.66973
Q28735044,Kreisarchiv Ravensburg,9.62386 , 47.79429
Q28735048,Q28735048,9.3884 , 51.77814
Q28735049,Q28735049,6.22894 , 50.76984
Q28735050,Q28735050,13.35725 , 52.42546
Q28737435,Q28737435,11.70637 , 51.05583
Q28737436,Q28737436,8.65283 , 50.11864
Q28737437,Q28737437,8.82234 , 53.07745
Q28737439,Q28737439,11.0061 , 49.59602
Q28737441,Q28737441,13.38854 , 52.49201
Q28737442,Q28737442,9.17598 , 47.65982
Q28737443,Q28737443,7.15183 , 51.26418
Q28737444,Q28737444,12.00796 , 47.86249
Q28737445,Q28737445,12.5797 , 48.8835
Q28737446,Q28737446,6.75042 , 49.31355
Q28737448,Q28737448,9.98418 , 53.54338
Q28737449,Q28737449,11.73239 , 52.01051
Q28737451,Q28737451,11.46504 , 51.75921
Q28737457,Q28737457,11.76815 , 51.77992
Q28737458,Q28737458,10.95249 , 51.78864
Q28737459,Q28737459,12.24305 , 51.82284
Q28737460,Q28737460,11.53923 , 51.52001
Q28737461,Q28737461,11.54452 , 51.52826
Q28737462,Q28737462,11.97761 , 51.73215
Q28737463,Q28737463,12.64845 , 51.86415
Q28737465,Q28737465,11.24648 , 52.0353
Q28737466,Q28737466,11.29755 , 51.47879
Q28737468,Q28737468,11.59293 , 51.85032
Q28737469,Q28737469,10.79565 , 51.83469
Q28737470,Q28737470,10.78436 , 51.83307
Q28737471,Q28737471,11.59853 , 51.7807
Q28737472,Kreisarchiv Burgenlandkreis,11.82372 , 51.15127
Q28737473,Q28737473,11.07835 , 51.46119
Q28737474,Q28737474,11.03849 , 51.75077
Q28737475,Q28737475,8.40087 , 49.0046
Q28737476,Q28737476,13.01004 , 50.58701
Q28737478,Q28737478,8.41215 , 49.00942
Q28737479,Q28737479,8.7436 , 50.36539
Q28737480,Q28737480,8.85577 , 48.2726
Q28737481,Q28737481,6.63143 , 50.95127
Q28737482,Q28737482,14.18428 , 51.12681
Q28737484,Q28737484,11.58316 , 48.13032
Q28737485,Q28737485,11.9056 , 50.96829
Q28737486,Q28737486,8.8703 , 51.27355
Q28737487,Q28737487,11.17722 , 51.17333
Q28737488,Q28737488,7.09591 , 50.54123
Q28737489,Q28737489,14.32786 , 51.75587
Q28737490,Q28737490,12.40073 , 50.84198
Q28737493,Q28737493,7.1072 , 51.49923
Q28737494,Q28737494,14.09478 , 51.27001
Q28737495,Q28737495,10.4114 , 53.24939
Q28737496,Q28737496,13.21275 , 52.54104
Q28737497,Q28737497,12.78788 , 52.91883
Q28737498,Q28737498,7.81988 , 48.57108
Q28737499,Q28737499,12.17264 , 53.79145
Q28737500,Q28737500,9.2767 , 47.77659
Q28737501,Q28737501,9.2983 , 49.1495
Q28737502,Q28737502,7.76437 , 51.25336
Q28737503,Q28737503,12.15653 , 49.80071
Q28737504,Q28737504,12.68488 , 48.23317
Q28737505,Q28737505,9.14287 , 53.4827
Q28737506,Q28737506,6.78578 , 50.96231
Q28737508,Q28737508,9.27803 , 47.77674
Q28737509,Q28737509,9.81534 , 52.32057
Q28737511,Q28737511,13.39087 , 52.55631
Q28737513,Q28737513,9.99471 , 53.56921
Q28737515,Q28737515,11.41393 , 53.62644
Q28737518,Q28737518,11.54352 , 48.15676
Q28737520,Q28737520,9.97561 , 53.56967
Q28737522,Q28737522,6.7954 , 51.19061
Q28737526,Q28737526,8.63262 , 48.16144
Q28737528,Q28737528,11.59035 , 48.14167
Q28737531,Q28737531,13.3311 , 52.5104
Q28737533,Q28737533,9.50349 , 51.32599
Q28737536,Q28737536,13.40102 , 52.5191
Q28737537,Q28737537,13.37655 , 52.49851
Q28737538,Q28737538,14.55425 , 52.34232
Q28737540,Q28737540,7.26731 , 51.05187
Q28737541,Q28737541,13.04708 , 52.40503
Q28737542,Q28737542,7.54819 , 50.94931
Q28737543,Q28737543,7.20928 , 51.46702
Q28737544,Q28737544,14.42891 , 51.17543
Q28737545,Q28737545,13.29574 , 52.46466
Q28737546,Q28737546,8.70948 , 49.38414
Q28737547,Q28737547,11.01412 , 49.59946
Q28737549,Q28737549,13.74316 , 51.05253
Q28737550,Q28737550,7.22306 , 51.53721
Q28737551,Q28737551,13.43677 , 52.49199
Q28737552,Q28737552,9.01906 , 51.37803
Q28739716,Q28739716,7.61633 , 51.97576
Q28739795,Q28739795,8.04516 , 52.26871
Q28739796,Q28739796,9.48444 , 53.59777
Q28783594,Q28783594,13.38719 , 52.51094
Q28783611,Q28783611,7.33398 , 51.51843
Q28783718,Q28783718,12.93122 , 50.81729
Q28792939,Q28792939,7.07931 , 51.16091
Q28855234,Amistad Research Centre,-90.123415 , 29.935681
Q5702966,Archivo Histórico Provincial de Sevilla,-5.989223 , 37.392715
Q5702969,Archivo Histórico Provincial de Soria,-2.467144444 , 41.764591666
Q5702972,Archivo Histórico Provincial de Toledo,-4.025277777 , 39.857575
Q5702976,Archivo Histórico Provincial de Zamora,-5.74899167 , 41.50184722
Q5702979,Archivo Histórico Provincial de Ávila,-4.703157 , 40.658243
Q5703018,Archivo Vostell,-6.504444444 , 39.421944444
Q5703031,Archivo de la Diputación de Barcelona,2.123275 , 41.385177777
Q5703056,Q5703056,-0.945554 , 38.086448
Q5761509,Q5761509,7.67999 , 45.0458
Q6019377,India Office Records,-0.1269 , 51.5297
Q6058040,Q6058040,-0.876583333 , 41.654444444
Q6238101,John Harvard Library,-0.0924 , 51.5019
Q6481410,Lambeth Archives,-0.1053 , 51.4714
Q6530249,Lesbian Herstory Archives,-73.9803 , 40.6619
Q6551226,Lincolnshire Archives,-0.5346 , 53.2293
Q6570269,Q6570269,34.819416666 , 32.116444444
Q6592093,Q6592093,34.772055555 , 32.063527777
Q6772639,Marquette University Special Collections and University Archives,-87.930235 , 43.038536
Q6784182,Massachusetts Archives,-71.0625 , 42.3594
Q6886076,Gnazim Institute archive,34.786277777 , 32.076722222
Q6970414,National Archives,14.4945 , 50.0397
Q7000931,Q7000931,34.77494444 , 32.07291667
Q7138962,Parliamentary Archives,-0.1254 , 51.4983
Q7161996,Pembrokeshire Archives,-4.9704 , 51.8027
Q7252611,Provincial Archives of Funen,10.38333333 , 55.39972222
Q7373684,Royal Archives,-0.142 , 51.501
Q7433574,Science Museum at Wroughton,-1.81278 , 51.5122
Q7470210,Q7470210,10.62334167 , 47.87717778
Q7475384,Q7475384,4.487603 , 52.154233
Q7504242,Shropshire Archives,-2.75166667 , 52.71083333
Q7596527,Stadtarchiv Frankfurt,14.55207778 , 52.34920278
Q7744037,"The Keep, Brighton",-0.093 , 50.859
Q8030458,Wolverhampton Archives and Local Studies,-2.13047 , 52.5886
Q8032740,Woodhorn Museum,-1.55 , 55.188
Q8033379,Woodson Research Center,-95.4002 , 29.7178
Q8203640,Archive-Library of the Cathedral of Santiago de Compostela and the medieval documentary funds,-8.543888888 , 42.880555555
Q8203682,Archivo del Reino de Galicia,-8.390555555 , 43.368916666
Q8203683,Archivo del Reino de Valencia,-0.362333333 , 39.472361111
Q8452821,Q8452821,14.5313 , 50.6952
Q9159219,Q9159219,20.6702 , 52.1165
Q9159236,Q9159236,19.4545 , 51.7761
Q9630369,Q9630369,-51.1797253 , -29.9234039
Q10403938,Q10403938,13.1955 , 55.705866666
Q10590647,Music and Theatre library,18.04275833 , 59.33709444
Q10860553,Q10860553,17.9068 , 49.9389
Q28735055,Q28735055,13.4484 , 52.5053
Q28735056,Q28735056,10.38093 , 53.80613
Q28735059,Q28735059,11.60364 , 48.19204
Q28737426,Q28737426,13.2603 , 52.43545
Q28737428,Q28737428,10.13265 , 54.32225
Q28737429,Q28737429,6.78142 , 51.23016
Q28737430,Q28737430,6.95168 , 50.93987
Q28737431,Q28737431,8.03994 , 52.84498
Q28737433,Q28737433,8.98989 , 52.82976
Q28737434,Q28737434,6.99418 , 49.22953
Q1410236,Staatsarchiv Aargau,8.049052777 , 47.387963888
Q1642025,Staatsarchiv Luzern,8.299715 , 47.050541
Q2324698,Staatsarchiv Basel-Stadt,7.588838888 , 47.558530555
Q2324779,Staatsarchiv des Kantons Bern,7.43706 , 46.95089
Q2324783,Staatsarchiv des Kantons Solothurn,7.528764 , 47.21002
Q2324789,Staatsarchiv des Kantons Zürich,8.54703 , 47.3972
Q2406894,Departmental archives of Marne,4.366368 , 48.953396
Q2860411,Archives cantonales vaudoises,6.5782 , 46.5257
Q2860433,Archives de l'État de Neuchâtel,6.926898 , 46.992035
Q2860457,Departmental archives of Ille-et-Vilaine,-1.693895 , 48.129253
Q2860459,Departmental archives of Indre-et-Loire,0.698216 , 47.3948
Q2860461,Q2860461,55.46527778 , -20.88930556
Q2860462,Departmental archives of Loir-et-Cher,1.337135 , 47.593864
Q2860465,Departmental archives of Maine-et-Loire,-0.5605 , 47.4582
Q2860468,Departmental archives of Ain,5.226 , 46.195
Q2860469,Departmental archives of Aisne,3.603 , 49.571
Q2860470,Departmental archives of Allier,3.344 , 46.561
Q2860471,Departmental archives of Ardèche,4.597 , 44.732
Q2860472,Departmental archives of Seine-Maritime,1.09194444 , 49.43472222
Q2860473,Departmental archives of Aube,4.074999 , 48.314735
Q2860474,Departmental archives of Aveyron,2.569 , 44.351
Q2860475,Departmental archives of Eure,1.1445951 , 49.0234896
Q2860477,Departmental archives of Oise,2.094064 , 49.440706
Q2860478,Departmental archives of Orne,0.097706 , 48.440239
Q2860479,Departmental archives of Charente,0.16305556 , 45.65222222
Q2860480,Departmental archives of Corrèze,1.784 , 45.241
Q2860481,Departmental archives of Charente-Maritime,-1.153 , 46.141
Q2860482,Departmental archives of Corse-du-Sud,8.75 , 41.935
Q2860483,Departmental archives of Creuse,1.869167 , 46.17138
Q2860484,Departmental archives of Gironde,-0.568066 , 44.857488
Q2860485,Departmental archives of Haute-Corse,9.448 , 42.704
Q2860486,Departmental archives of Haute-Garonne,1.460066 , 43.591209
Q4970294,British Library Sound Archive,-0.1275 , 51.5298
Q14847769,Archives d'État de Genève,6.1471 , 46.20112
Q14847771,Landesarchiv Appenzell Innerrhoden,9.409753 , 47.331168
Q14847773,Staatsarchiv Kanton Basel-Landschaft,7.72648 , 47.48708
Q14847774,Staatsarchiv Graubünden,9.533542 , 46.849696
Q14847844,Archivio di Stato del Cantone Ticino,9.0132 , 46.192846
Q14847926,Staatsarchiv Appenzell Ausserrhoden,9.28055 , 47.3856
Q14847939,Jura cantonal archives,7.07422 , 47.41728
Q14847944,Staatsarchiv Nidwalden,8.359722 , 46.9627
Q14847953,Staatsarchiv St. Gallen,9.377646 , 47.423977
Q14848074,Staatsarchiv Obwalden,8.248928 , 46.894728
Q14848078,Staatsarchiv Schaffhausen,8.63421 , 47.695782
Q14848094,Staatsarchiv des Kantons Schwyz,8.654421 , 47.024456
Q14848198,Staatsarchiv Uri,8.64128 , 46.88096
Q14848222,Archives de l’Etat du Valais,7.35833 , 46.23163
Q14848231,Staatsarchiv Zug,8.51065 , 47.17445
Q39934978,ETH Zurich University Archives,8.541002777 , 47.379025
Q536580,Vatican Secret Archives,12.4548 , 41.9047
Q635865,Historical Archive of the Patriarchate of Venice,12.340877 , 45.434448
Q2860487,Departmental archives of Haute-Marne,5.1599 , 48.103
Q2860488,Departmental archives of Haute-Savoie,6.1263 , 45.9172
Q2860489,Departmental archives of Haute-Saône,6.14012 , 47.6331
Q2860492,Departmental archives of Loire,4.387127 , 45.453366
Q2860493,Departmental archives of Loire-Atlantique,-1.5575 , 47.2248
Q2860494,Departmental archives of Lozère,3.506 , 44.518
Q2860496,Departmental archives of Manche,-1.080834 , 49.115972
Q2860497,Departmental archives of Mayenne,-0.758895 , 48.073126
Q2860498,Departmental archives of Moselle,6.2178 , 49.1417
Q2860499,Departmental archives of Sarthe,0.206 , 47.981
Q2860500,Departmental archives of Savoie,5.930675 , 45.567635
Q2860501,Departmental archives of Somme,2.304615 , 49.883572
Q2860502,Departmental archives of Alpes-Maritimes,7.2 , 43.675
Q2860503,Departmental archives of Alpes-de-Haute-Provence,6.239 , 44.09
Q2860504,Departmental archives of Ardennes,4.723 , 49.76
Q2860505,Departmental archives of Bouches-du-Rhône,5.37027778 , 43.31111111
Q2860506,Departmental archives of Hautes-Alpes,6.096 , 44.561
Q2860507,Departmental archives of Yvelines,2.0461 , 48.7895
Q2860509,Departmental archives of Calvados,-0.355 , 49.202
Q2860510,Departmental archives of Cantal,2.444 , 44.925
Q2860511,Departmental archives of Cher,2.391 , 47.059
Q2860512,Departmental archives of Pyrénées-Orientales,2.893532 , 42.699916
Q2860513,Departmental archives of Haut-Rhin,7.358083 , 48.084428
Q2860514,Departmental archives of Loiret,1.9020617 , 47.9026133
Q2860515,Departmental archives of Pas-de-Calais,2.73828 , 50.2922
Q2860516,Archives of the département of the Rhone and the city of Lyon,4.847153 , 45.760417
Q2860517,Departmental archives of Doubs,6.0346 , 47.2294
Q2860518,Departmental archives of Tarn-et-Garonne,1.347347 , 44.022884
Q15918419,Departmental archives of Morbihan,-2.78139 , 47.6483
Q16303819,Departmental archives of Meuse,5.1564 , 48.7578
Q16303821,Departmental archives of Nord,3.0423 , 50.6201
Q17189711,Departmental archives of Meurthe-et-Moselle,6.17958 , 48.694
Q18213967,Departmental archives of Vosges,6.4608 , 48.199
Q18331494,Departmental archives of Isère,5.737 , 45.191
Q18785450,Departmental archives of Côtes-d'Armor,-2.77285 , 48.5034
Q18785452,Departmental archives of Finistère,-4.08928 , 48.0146
Q19406829,Departmental archives of Vendée,-1.42826 , 46.6687
Q19606436,Departmental archives of Eure-et-Loir,1.47379 , 48.446
Q19606438,Departmental archives of Ariège,1.604 , 42.9561
Q19606440,Departmental archives of Aude,2.3491 , 43.2292
Q19606441,Departmental archives of Essonne,2.2204 , 48.5132
Q19606442,Departmental archives of Hérault,3.8235 , 43.6246
Q19606443,Departmental archives of Côte-d'Or,5.04446 , 47.3221
Q19606444,Departmental archives of Dordogne,0.7187 , 45.1816
Q19606445,Departmental archives of Drôme,4.8911 , 44.9359
Q43179359,Q43179359,-2.4425 , 42.46778
Q43179372,Q43179372,0.4052 , 42.1395
Q43179399,Q43179399,-2.668296 , 42.836553
Q43179428,Q43179428,2.6506682 , 39.5870633
Q43179438,Q43179438,-3.693195 , 42.344328
Q43179442,Q43179442,-6.370442 , 39.475204
Q43179481,Q43179481,-2.416833 , 43.034168
Q43179501,Q43179501,-3.795556 , 37.771389
Q43179515,Q43179515,0.621357 , 41.612938
Q43179528,Q43179528,-4.4340732 , 36.7258715
Q43179549,Q43179549,-7.863128 , 42.335119
Q43179556,Q43179556,-4.535961 , 42.013304
Q43179566,Q43179566,-15.41543047 , 28.100260143
Q43179603,Q43179603,1.253254 , 41.117131
Q43179613,Q43179613,-16.308439599 , 28.471978189
Q43179628,Q43179628,-2.930195 , 43.264294
Q43179644,Q43179644,-3.605179 , 37.192436
Q43988832,Arquivo Regional e Biblioteca Pública da Madeira,-16.9354088 , 32.6663268
Q635538,Archive of the Hanseatic City of Lübeck,10.68499361 , 53.86034167
Q664138,Historical Archive of the City of Cologne,6.96222 , 50.93473
Q1089458,Nagoya City Archives,136.91030278 , 35.18135833
Q1255094,Q1255094,7.2273 , 51.4781
Q1310039,Municipal Archive Hannover,9.75341 , 52.3679
Q1432587,Q1432587,8.72889 , 52.8475
Q1485888,Q1485888,7.16575 , 51.1972
Q1569694,Q1569694,12.23419 , 48.05894
Q1620980,Historisches Centrum Hagen,7.49092 , 51.3478
Q2170763,Amsterdam Municipal Archives,4.8923 , 52.3646
Q2326524,Q2326524,10.8939 , 48.3683
Q2326528,Q2326528,7.13942 , 50.9915
Q2326541,Q2326541,13.76003 , 51.08166
Q2326544,Q2326544,6.76064 , 51.4368
Q2326548,Q2326548,7.20257 , 53.3657
Q2326561,Q2326561,9.50325 , 51.3156
Q2326569,Q2326569,8.89889 , 52.0279
Q2326571,Q2326571,11.5619 , 48.1606
Q2326574,Q2326574,11.08442 , 49.45154
Q2326577,Stadtarchiv Speyer,8.43664 , 49.3196
Q2326582,Stadtarchiv Witten,7.33443 , 51.43376
Q2860447,Archives of the City of Lausanne,6.62441 , 46.52511
Q2860539,Lyon Municipal Archives,4.824455 , 45.747926
Q2860541,Reus Municipal Archives,1.11407222 , 41.15372222
Q3229492,The Hague Municipal Archives,4.31681 , 52.07739
Q3912134,Rotterdam Municipal Archives,4.45694 , 51.91417
Q4852805,Baltimore City Archives,-76.6078 , 39.3197
Q5047957,Casa do Infante,-8.614462 , 41.140693
Q5123598,City of Boston Archives,-71.1803 , 42.2789
Q5727711,Biblioteca-Archivo Municipal de Jerez de la Frontera,-6.137166666 , 36.690138888
Q6424300,Kobe City Archives,135.20231389 , 34.70810556
Q7013243,New York City Municipal Archives,-74.0043 , 40.7135
Q7160202,"Peel Art Gallery, Museum and Archives",-79.7571 , 43.6852
Q7319505,Reykjavík Municipal Archives,-21.9414 , 64.1494
Q14545214,Herne City Archive,7.22285 , 51.5355
Q15150002,municipal archive of Rennes,-1.671075 , 48.11973
Q15848793,Q15848793,10.21611111 , 50.32361111
Q16294781,Q16294781,8.918779 , 50.464279
Q16294782,Q16294782,12.09387 , 49.02106
Q16466040,Rotterdam Municipal Archive,4.45694 , 51.9142
Q16857196,Q16857196,7.4 , 51.38833333
Q18413188,Q18413188,11.9193 , 50.32418
Q18581316,Arquivo Municipal de Lisboa,-9.13565 , 38.717127777
Q18631058,Q18631058,13.66587 , 51.10425
Q18712352,Minden Municipal Archive,8.919375 , 52.287154
Q18716361,Umeå City Archives,20.2601 , 63.8339
Q19295028,Q19295028,11.354892 , 46.499719
Q19900491,Stadtarchiv Dortmund,7.46965981 , 51.50860977
Q19964805,Q19964805,8.21959 , 53.13419
Q22121212,Q22121212,7.1796056 , 51.4181633
Q23786628,Q23786628,8.6809 , 49.8972
Q23915648,Stadtarchiv Leipzig,12.41965 , 51.34702
Q24074664,Stadtarchiv Neuss,6.69764 , 51.1951
Q24084568,Q24084568,2.316427777 , 41.479069444
Q26882963,Q26882963,6.6162 , 51.6515
Q27487137,Q27487137,8.81638 , 47.2263
Q27489089,Q27489089,7.614995 , 46.757318611
Q27490306,Stadtarchiv Zürich,8.5457124 , 47.3722972
Q27973151,Q27973151,12.91755 , 50.82802
Q27999383,Q27999383,13.34328 , 50.91726
Q28646805,Q28646805,-3.363333333 , 38.011111111
Q28662218,Stadtbücherei und Stadtarchiv Lichtenfels,11.06285 , 50.14621
Q28681468,Stadtarchiv und wissenschaftliche Stadtbibliothek Soest,8.10677 , 51.57006
Q28681480,Stadtbibliothek und Stadtarchiv Bad Brückenau,9.78733 , 50.30869
Q28719787,Wissenschaftliche Spezialbibliothek Stadtarchiv und Museen Villingen-Schwenningen,8.46525 , 48.05249
Q28719789,Stadtarchiv und Ehemals Reichsstädtische Bibliothek Lindau am Bodensee,9.68116 , 47.54576
Q28719790,Archivverbund Stadtarchiv/Staatsfilialarchiv Bautzen,14.42388 , 51.18138
Q28719793,Stadtarchiv und Stadthistorische Bibliothek Bonn,7.09484 , 50.73721
Q28719794,Stadtarchiv und Landesgeschichtliche Bibliothek Bielefeld,8.53686 , 52.0267
Q28719799,Stadtarchiv der Hansestadt Gardelegen,11.39348 , 52.52678
Q28719800,Stadtarchiv Schwarzenbach a.d.Saale,11.93405 , 50.22199
Q28719802,Kreis- und Stadtarchiv Haldensleben,11.37001 , 52.30136
Q28719803,Stadtarchiv Villingen-Schwenningen,8.64474 , 48.6341
Q28719804,Stadtarchiv Rottenburg a.d.Laaber,12.02821 , 48.70251
Q28719805,Stadtarchiv Neustadt a.d.Waldnaab,12.17045 , 49.73068
Q28719806,Stadtarchiv Pfaffenhofen a.d.Ilm,11.50699 , 48.53026
Q28719807,Stadtarchiv Bietigheim-Bissingen,9.12827 , 48.95969
Q28719808,Stadtarchiv Ostfildern-Nellingen,9.29741 , 48.71079
Q28719809,Stadtarchiv Hohenstein-Ernstthal,12.70619 , 50.80192
Q28719810,Stadtarchiv Weilheim an der Teck,9.53837 , 48.61535
Q28719811,Stadtarchiv Neustadt an der Orla,11.74464 , 50.73651
Q28719815,Stadtarchiv Höchstädt a.d.Donau,10.56764 , 48.61381
Q28719816,Stadtarchiv Weißenburg i. Bay.,10.97191 , 49.03022
Q28719817,Stadtarchiv Neustadt a.d.Donau,11.76434 , 48.80933
Q28719818,Stadtarchiv Sulzbach-Rosenberg,11.74119 , 49.50516
Q28719819,Stadtarchiv Landsberg am Lech,11.69135 , 48.08161
Q28719820,Stadtarchiv Moosburg a.d.Isar,11.93573 , 48.46746
Q28719821,Stadtarchiv Neuburg a.d.Donau,11.1785 , 48.7241
Q28719822,Stadtarchiv Neumarkt-St. Veit,12.51316 , 48.36035
Q28719825,Stadtarchiv Rothenburg o.d.T.,10.18109 , 49.37718
Q28719827,Stadtarchiv Neumarkt i.d.Opf.,11.45651 , 49.28059
Q28719828,Stadtarchiv Wanzleben - Börde,11.44034 , 52.06136
Q28719829,Stadtarchiv Coswig b. Dresden,13.57908 , 51.1273
Q28719830,Stadtarchiv Fürstenfeldbruck,11.25998 , 48.17863
Q28719833,Stadtarchiv Bad Münstereifel,6.76264 , 50.55411
Q28719834,Stadtarchiv Titisee-Neustadt,8.21665 , 47.91035
Q28719835,Stadtarchiv Bad Staffelstein,10.99994 , 50.10181
Q28719836,Stadtarchiv Osterode am Harz,10.25215 , 51.728
Q28719838,Stadtarchiv Neukirchen-Vluyn,6.5682 , 51.444
Q28719839,Stadtarchiv Mühldorf a. Inn,12.52345 , 48.24239
Q28719840,Stadtarchiv Bad Reichenhall,12.87464 , 47.72107
Q28719841,Stadtarchiv Dillingen/Donau,10.494 , 48.57694
Q28719842,Stadtarchiv Bad Königshofen,10.46761 , 50.29896
Q28719846,Stadtarchiv Marktheidenfeld,9.60251 , 49.84668
Q28719847,Stadtarchiv Landau a.d.Isar,12.69072 , 48.66912
Q28719848,Kreis- und Stadtarchiv Burg,11.86125 , 52.26907
Q28719849,Stadtarchiv Gräfenhainichen,12.4621 , 51.73372
Q28719850,Stadtarchiv Mönchengladbach,6.43182 , 51.19628
Q28719854,Stadtarchiv Schrobenhausen,11.2582 , 48.5668
Q28719855,Stadtarchiv Wolfratshausen,11.41919 , 47.9149
Q28719856,Stadtarchiv Bad Wörishofen,10.59841 , 48.0058
Q28719857,Stadtarchiv Herzogenaurach,10.88177 , 49.56936
Q28719862,Stadtarchiv Neustadt/Aisch,10.60622 , 49.58118
Q28719863,Stadtarchiv Burglengenfeld,12.03994 , 49.20702
Q28719865,Stadtarchiv Bad Dürrenberg,12.068 , 51.29804
Q28719867,Stadtarchiv Bad Lauchstädt,11.86883 , 51.38753
Q28719869,Stadtarchiv Friedrichstadt,9.08759 , 54.37784
Q28719872,Stadtarchiv Sankt Augustin,7.18333 , 50.76667
Q28719873,Stadtarchiv Bad Oeynhausen,8.80121 , 52.20256
Q28719875,Stadtarchiv Dessau-Roßlau,12.24533 , 51.8365
Q28719879,Stadtarchiv Marktoberdorf,10.55 , 47.7167
Q28719880,Stadtarchiv Schwabmünchen,10.75766 , 48.18298
Q28719882,Stadtarchiv Leutershausen,10.40759 , 49.30004
Q28719883,Stadtarchiv Bad Windsheim,10.4076 , 49.5008
Q28719885,Stadtarchiv Bad Kissingen,10.07317 , 50.20333
Q28719886,Stadtarchiv Ebermannstadt,11.18648 , 49.77859
Q28719887,Stadtarchiv Kirchenlamitz,11.9505 , 50.1514
Q28719889,Stadtarchiv Stadtsteinach,11.50418 , 50.16148
Q28719890,Stadtarchiv Tirschenreuth,12.3369 , 49.8789
Q28719891,Stadtarchiv Heiligenstadt,7.0501 , 50.75942
Q28719894,Stadtarchiv Linz am Rhein,7.28414 , 50.56817
Q28719897,Stadtarchiv Bad Salzuflen,8.75026 , 52.08302
Q28719899,Stadtarchiv Bad Wildungen,9.12349 , 51.11991
Q28719900,Stadtarchiv Geilenkirchen,6.12111 , 50.96447
Q28719901,Stadtarchiv Markgröningen,9.08025 , 48.90509
Q28719902,Stadtarchiv Bad Berleburg,8.39215 , 51.05423
Q28719903,Stadtarchiv Wilhelmshaven,8.1075 , 53.5234
Q28719904,Stadtarchiv Neunburg v.W.,12.3579 , 49.3472
Q28719906,Stadtarchiv Feuchtwangen,10.32926 , 49.16784
Q28719907,Stadtarchiv Gunzenhausen,10.75422 , 49.1147
Q28719908,Stadtarchiv Höchstadt/A.,10.80465 , 49.70352
Q28719909,Stadtarchiv Geiselhöring,12.39245 , 48.826
Q28719910,Stadtarchiv Pfarrkirchen,12.93608 , 48.43195
Q28719911,Stadtarchiv Aschersleben,11.45144 , 51.75483
Q28719912,Historisches Stadtarchiv Merseburg,11.99214 , 51.35778
Q28719913,Stadtarchiv Sangerhausen,11.29951 , 51.47323
Q28719914,Stadtarchiv Bad Dürkheim,8.17267 , 49.46239
Q28719915,Stadtarchiv Radevormwald,7.36006 , 51.20271
Q28719916,Stadtarchiv Lichtenstein,12.63337 , 50.75562
Q28719917,Stadtarchiv Ludwigshafen,8.45207 , 49.47409
Q28719918,Stadtarchiv Marktredwitz,12.08826 , 50.00132
Q28719919,Stadtarchiv Meinerzhagen,7.64023 , 51.10839
Q28719920,Stadtarchiv Grevesmühlen,11.18871 , 53.86256
Q28719922,Stadtarchiv Borgentreich,9.24089 , 51.57323
Q28719923,Stadtarchiv Markkleeberg,12.37892 , 51.2802
Q28719925,Stadtarchiv Saarbrücken,6.98198 , 49.2314
Q28719926,Stadtarchiv Ichenhausen,10.30536 , 48.37004
Q28719929,Stadtarchiv Illertissen,10.10455 , 48.22039
Q28719930,Stadtarchiv Dinkelsbühl,10.3165 , 49.0693
Q28719931,Stadtarchiv Gerolzhofen,10.34961 , 49.90019
Q28719932,Stadtarchiv Klingenberg,9.18133 , 49.78301
Q28719933,Stadtarchiv Weißenstadt,11.88475 , 50.10069
Q28719935,Stadtarchiv Eggenfelden,12.748 , 48.3992
Q28719936,Stadtarchiv Waldkirchen,13.60057 , 48.72856
Q28719938,Stadtarchiv Waldmünchen,12.70685 , 49.37781
Q28719939,Stadtarchiv Elbingerode,10.79231 , 51.77068
Q28719940,Stadtarchiv Quedlinburg,11.14185 , 51.78974
Q28719941,Stadtarchiv Tangerhütte,11.80619 , 52.43487
Q28719942,Stadtarchiv Hohenmölsen,12.09797 , 51.15696
Q28719943,Stadtarchiv Tangermünde,11.97054 , 52.54173
Q28719944,Stadtarchiv Baden-Baden,8.23919 , 48.76223
Q28719945,Stadtarchiv Bremerhaven,8.59296 , 53.55857
Q28719946,Stadtarchiv Filderstadt,9.23576 , 48.66705
Q28719947,Stadtarchiv Frankenthal,8.35475 , 49.53493
Q28719948,Stadtarchiv Hilchenbach,8.11022 , 50.99684
Q28719949,Stadtarchiv Lüdenscheid,7.63553 , 51.21727
Q28719950,Stadtarchiv Ludwigsburg,9.19113 , 48.89432
Q28719951,Stadtarchiv Frankenberg,13.0596 , 50.9259
Q28719952,Stadtarchiv Königsbrück,13.90231 , 51.26376
Q28719953,Stadtarchiv Plettenberg,7.87176 , 51.22927
Q28719954,Stadtarchiv Reichenbach,12.30313 , 50.62059
Q28719955,Stadtarchiv Sprockhövel,7.2485 , 51.36229
Q28719956,Stadtarchiv Burghausen,12.83313 , 48.15791
Q28719958,Stadtarchiv Radolfzell,8.96947 , 47.73837
Q28719959,Stadtarchiv Geisenfeld,11.61336 , 48.68386
Q28719961,Stadtarchiv Traunstein,12.64884 , 47.86975
Q28719963,Stadtarchiv Donauwörth,10.78308 , 48.71672
Q28719965,Stadtarchiv Gersthofen,10.87837 , 48.42442
Q28719967,Stadtarchiv Immenstadt,10.2226 , 47.571
Q28719970,Stadtarchiv Kaufbeuren,10.62335 , 47.87818
Q28719972,Stadtarchiv Mindelheim,10.48664 , 48.0459
Q28719973,Stadtarchiv Nördlingen,10.4866 , 48.84991
Q28719974,Stadtarchiv Weißenhorn,10.16061 , 48.29886
Q28719975,Stadtarchiv Marktbreit,10.14391 , 49.66827
Q28719977,Stadtarchiv Miltenberg,9.25777 , 49.7012
Q28719978,Stadtarchiv Deggendorf,12.96453 , 48.83708
Q28719980,Stadtarchiv Dingolfing,12.50107 , 48.62919
Q28719981,Stadtarchiv Hauzenberg,13.62466 , 48.65321
Q28719982,Stadtarchiv Riedenburg,11.68581 , 48.96398
Q28719983,Stadtarchiv Vilsbiburg,12.35932 , 48.44876
Q28719984,Stadtarchiv Schwandorf,12.10851 , 49.33182
Q28719985,Stadtarchiv Waldsassen,12.30801 , 50.00387
Q28719986,Stadtarchiv Bitterfeld,12.32891 , 51.62362
Q28719989,Stadtarchiv Schönebeck,11.73485 , 52.01032
Q28719991,Stadtarchiv Weißenfels,11.97282 , 51.19948
Q28719993,Stadtarchiv Harzgerode,11.13759 , 51.59049
Q28719994,Stadtarchiv Oebisfelde,10.98462 , 52.42573
Q28719996,Stadtarchiv Gevelsberg,7.38088 , 51.33662
Q28719998,Stadtarchiv Oberhausen,6.86142 , 51.51994
Q28720000,Stadtarchiv Angermünde,14.00483 , 53.02011
Q28720001,Stadtarchiv Düsseldorf,6.79504 , 51.222
Q28720002,Stadtarchiv Greifswald,13.38311 , 54.09263
Q28720004,Stadtarchiv Großenhain,13.53073 , 51.29132
Q28720005,Stadtarchiv Herrenberg,8.87399 , 48.59253
Q28720007,Stadtarchiv Hildesheim,9.94394 , 52.14901
Q28720009,Stadtarchiv Leverkusen,6.99625 , 51.0749
Q28720010,Stadtarchiv Marienberg,13.16404 , 50.65051
Q28720012,Stadtarchiv Neckarsulm,9.22471 , 49.19154
Q28720015,Stadtarchiv Nordhausen,10.79356 , 51.50149
Q28720019,Stadtarchiv Ravensburg,9.61449 , 47.78523
Q28720022,Stadtarchiv Schneeberg,12.64124 , 50.5938
Q28720023,Stadtarchiv Duderstadt,10.26099 , 51.51458
Q28720025,Stadtarchiv Euskirchen,6.79699 , 50.66109
Q28720027,Stadtarchiv Magdeburg,11.63866 , 52.15345
Q28720028,Stadtarchiv Ettlingen,8.40952 , 48.94278
Q28720030,Stadtarchiv Göppingen,9.65126 , 48.70447
Q28720032,Stadtarchiv Altötting,12.6586 , 48.2262
Q28720034,Stadtarchiv Ebersberg,11.975 , 48.0855
Q28720036,Stadtarchiv Eichstätt,11.18361 , 48.89345
Q28720037,Stadtarchiv Neuötting,12.68673 , 48.2404
Q28720040,Stadtarchiv Rosenheim,12.12961 , 47.85196
Q28720042,Stadtarchiv Friedberg,10.98048 , 48.35551
Q28720044,Stadtarchiv Memmingen,10.17983 , 47.98838
Q28720045,Stadtarchiv Schwangau,10.7721 , 47.5604
Q28720047,Stadtarchiv Wertingen,10.68064 , 48.56182
Q28720051,Stadtarchiv Hersbruck,11.42938 , 49.50807
Q28720054,Stadtarchiv Schwabach,10.9833 , 49.3
Q28720056,Stadtarchiv Karlstadt,9.76872 , 49.96212
Q28720058,Stadtarchiv Kitzingen,10.16469 , 49.73554
Q28720060,Stadtarchiv Obernburg,9.14803 , 49.84232
Q28720062,Stadtarchiv Forchheim,11.05683 , 49.71949
Q28720064,Stadtarchiv Münchberg,11.78808 , 50.19218
Q28720066,Stadtarchiv Abensberg,11.84593 , 48.8152
Q28720069,Stadtarchiv Plattling,12.87303 , 48.77651
Q28720070,Stadtarchiv Straubing,12.57185 , 48.88516
Q28720072,Stadtarchiv Hettstedt,11.51325 , 51.64521
Q28720075,Stadtarchiv Osterburg,11.71079 , 52.73263
Q28720078,Stadtarchiv Salzwedel,11.14749 , 52.85586
Q28720080,Stadtarchiv Osterfeld,11.93001 , 51.07975
Q28720081,Stadtarchiv Dinslaken,6.7323 , 51.56272
Q28720083,Stadtarchiv Ditzingen,9.06682 , 48.82626
Q28720085,Stadtarchiv Flensburg,9.43389 , 54.78108
Q28720087,Stadtarchiv Glashütte,13.74644 , 50.83239
Q28720089,Stadtarchiv Göttingen,9.94018 , 51.52851
Q28720091,Stadtarchiv Gütersloh,8.3748 , 51.909
Q28720094,Stadtarchiv Künzelsau,9.68762 , 49.27759
Q28720095,Stadtarchiv Ladenburg,8.60688 , 49.47084
Q28720097,Stadtarchiv Lengerich,7.85174 , 52.18871
Q28720099,Stadtarchiv Metzingen,9.28317 , 48.5399
Q28720101,Stadtarchiv Nürtingen,9.33698 , 48.62591
Q28720103,Stadtarchiv Offenbach,8.76158 , 50.10831
Q28720105,Stadtarchiv Offenburg,7.94424 , 48.46854
Q28720107,Stadtarchiv Paderborn,8.72502 , 51.71467
Q28720109,Stadtarchiv Buxtehude,9.70211 , 53.47678
Q28720110,Stadtarchiv Ebersbach,9.52353 , 48.71472
Q28720113,Stadtarchiv Eilenburg,12.63473 , 51.46048
Q28720115,Stadtarchiv Ennepetal,7.38565 , 51.30842
Q28720117,Stadtarchiv Hechingen,8.96429 , 48.35282
Q28720119,Stadtarchiv Horneburg,9.58493 , 53.50928
Q28720121,Stadtarchiv Lauenburg,10.54763 , 53.3708
Q28720122,Stadtarchiv Leutkirch,10.02426 , 47.82547
Q28720124,Stadtarchiv Lippstadt,8.34064 , 51.67122
Q28720126,Stadtarchiv Meerbusch,6.69993 , 51.24655
Q28720128,Stadtarchiv Mittweida,12.98043 , 50.98569
Q28720129,Stadtarchiv Münsingen,9.49455 , 48.41279
Q28720132,Stadtarchiv Oberursel,8.57668 , 50.20172
Q28720134,Stadtarchiv Steinfurt,7.33812 , 52.14698
Q19606446,Departmental archives of Haute-Loire,3.9006 , 45.0415
Q19606447,Departmental archives of Haute-Vienne,1.235 , 45.8177
Q19606448,Departmental archives of Nièvre,3.1628 , 46.9946
Q19606450,Departmental archives of Seine-Saint-Denis,2.446 , 48.9031
Q19606451,Departmental archives of Lot-et-Garonne,0.61487 , 44.1993
Q19606452,Departmental archives of Saône-et-Loire,4.834872 , 46.30877
Q19606453,Departmental archives of Seine-et-Marne,2.62 , 48.5149
Q19606454,Departmental archives of Deux-Sèvres,-0.4536 , 46.3323
Q19606455,Departmental archives of Hautes-Pyrénées,0.0694 , 43.2332
Q19606456,Departmental archives of Hauts-de-Seine,2.2127 , 48.8948
Q19606457,Departmental archives of Landes,-0.493099 , 43.8957
Q19606458,Departmental archives of Pyrénées-Atlantiques,-0.3603 , 43.3103
Q19606459,Departmental archives of Bas-Rhin,7.7719 , 48.5718
Q19606460,Departmental archives of Gard,4.368 , 43.8248
Q19606461,Departmental archives of Gers,0.6037 , 43.6421
Q19606462,Departmental archives of Jura,5.538536111 , 46.673983333
Q19606463,Departmental archives of Lot,1.4355 , 44.45
Q19606464,Departmental archives of Puy-de-Dôme,3.1014 , 45.8068
Q19833040,Departmental archives of Val-de-Marne,2.4568 , 48.7831
Q19944936,Departmental archives of Val-d'Oise,2.0877 , 49.0333
Q21009102,Departmental archives of Vienne,0.3717 , 46.5664
Q21009103,Departmental archives of Var,6.4751 , 43.5352
Q21027356,Departmental archives of Indre,1.7068 , 46.8137
Q21027473,Departmental archives of Tarn,2.1394 , 43.9416
Q21027478,Departmental archives of Territoire de Belfort,6.862 , 47.6375
Q21027496,Departmental archives of Vaucluse,4.8074 , 43.9511
Q21027514,Departmental archives of Yonne,3.5712 , 47.8007
Q28734946,Q28734946,6.94963 , 50.94306
Q31696217,Q31696217,-61.0801 , 14.6065
Q31696985,Q31696985,-61.7116 , 15.9871
Q31698059,Q31698059,-52.3361 , 4.939
Q635856,Historical Archive of the City of Venice,12.349692 , 45.437932
Q2324776,Q2324776,12.32677 , 45.437195
Q2348722,Q2348722,9.377609 , 47.422695
Q7308998,Regional Archives in Lund,13.20166667 , 55.70083333
Q9159188,Q9159188,17.0 , 52.0
Q11906843,Q11906843,2.25451389 , 41.928
Q18923616,Q18923616,12.32994 , 45.43277
Q21192482,Q21192482,11.25961111 , 43.77224167
Q23041464,Q23041464,1.839426 , 41.783087
Q23890843,Biblioteca Municipal Braamcamp Freire,-8.681163 , 39.233882
Q26676276,Sheepscar Branch Library,-1.534453 , 53.808521
Q383147,Afghanistan Museum,7.73657 , 47.45261
Q669509,Burgerbibliothek Bern,7.4483 , 46.9473
Q16856791,Schweizerische Theatersammlung,7.436426 , 46.949135
Q18602780,Rudolf Steiner Archiv,7.61871 , 47.4858
Q27479796,Q27479796,7.45951 , 46.95565
Q27479807,Q27479807,7.473732 , 46.944131
Q27490164,Q27490164,7.460119444 , 46.993347222
Q27490201,Archives of Contemporary History,8.545961111 , 47.375219444
Q1507284,George Eastman Museum,-77.5803 , 43.1521
Q1534156,Goethe and Schiller Archives,11.3338 , 50.9831
Q2191118,Netherlands Photo Museum,4.48917 , 51.90639
Q2872117,Austin History Center,-97.745556 , 30.271389
Q18420421,Q18420421,12.7308 , 42.733738888
Q18785386,Photographic archive Gerola,12.3299 , 45.4328
Q27479780,Archives of Rural History,7.431004 , 46.944149
Q28737510,Q28737510,6.79646 , 51.21847
Q30335951,Fremantle History Centre,115.748513 , -32.0541
Q30335992,Albany Historical Society Inc.,117.881091 , -35.026958
Q40236085,Image Archive of ETH Library,8.541002777 , 47.379025
Q28720136,Stadtarchiv Wiesbaden,8.21406 , 50.07261
Q28720138,Stadtarchiv Tegernsee,11.7696 , 47.7054
Q28720140,Stadtarchiv Uffenheim,10.22932 , 49.54552
Q28720142,Stadtarchiv Rheinberg,6.60248 , 51.5482
Q28720144,Stadtarchiv Renningen,8.93109 , 48.76804
Q28720145,Stadtarchiv Miesbach,11.8372 , 47.7861
Q28720147,Stadtarchiv Penzberg,11.3738 , 47.75316
Q28720149,Stadtarchiv Schongau,10.89668 , 47.81035
Q28720151,Stadtarchiv Weilheim,11.14438 , 47.83836
Q28720153,Stadtarchiv Bobingen,10.846 , 48.2678
Q28720155,Stadtarchiv Günzburg,10.27544 , 48.45482
Q28720157,Stadtarchiv Krumbach,10.35913 , 48.24182
Q28720159,Stadtarchiv Lauingen,10.43079 , 48.57146
Q28720161,Stadtarchiv Ellingen,10.9667 , 49.0667
Q28720163,Stadtarchiv Amorbach,9.22046 , 49.64435
Q28720165,Stadtarchiv Bayreuth,11.5721 , 49.94508
Q28720167,Stadtarchiv Kulmbach,11.45783 , 50.10752
Q28720168,Stadtarchiv Grafenau,13.39799 , 48.85598
Q28720169,Stadtarchiv Landshut,12.14006 , 48.53964
Q28720170,Stadtarchiv Neustadt,11.131 , 50.3214
Q28720172,Stadtarchiv Dietfurt,11.58763 , 49.035
Q28720173,Stadtarchiv Kötzting,12.85662 , 49.1746
Q28720175,Stadtarchiv Freyburg,11.7667 , 51.2667
Q28720176,Stadtarchiv Mansfeld,11.45292 , 51.59343
Q28720178,Stadtarchiv Querfurt,11.59734 , 51.37838
Q28720179,Stadtarchiv Bensheim,8.62147 , 49.68382
Q28720180,Stadtarchiv Emmerich,6.2373 , 51.83107
Q28720181,Stadtarchiv Gladbeck,6.98945 , 51.57293
Q28720182,Stadtarchiv Siegburg,7.20623 , 50.79781
Q28720183,Stadtarchiv Bernburg,11.76055 , 51.78502
Q28720185,Stadtarchiv Bruchsal,8.60024 , 49.12327
Q28720187,Stadtarchiv Diepholz,8.36849 , 52.60787
Q28720189,Stadtarchiv Erkelenz,6.31408 , 51.08019
Q28720190,Stadtarchiv Iserlohn,7.6972148 , 51.3767461
Q28720192,Stadtarchiv Radeberg,13.92234 , 51.11846
Q28720194,Stadtarchiv Radeburg,13.72549 , 51.21501
Q28720195,Stadtarchiv Ratingen,6.85438 , 51.30202
Q28720197,Stadtarchiv Schwerte,7.57002 , 51.44044
Q28720199,Stadtarchiv Straelen,6.26846 , 51.4442
Q28720201,Stadtarchiv Weinheim,8.66856 , 49.54969
Q28720202,Stadtarchiv Wülfrath,7.03207 , 51.28241
Q28720204,Stadtarchiv Wunstorf,9.42896 , 52.42593
Q28720205,Stadtarchiv Nittenau,12.27153 , 49.19578
Q28720206,Stadtarchiv Nienburg,9.20991 , 52.64494
Q28720208,Stadtarchiv Rottweil,8.62575 , 48.16793
Q28720209,Stadtarchiv Homburg,7.3345 , 49.32176
Q28720210,Stadtarchiv Stendal,11.85624 , 52.60367
Q28720211,Stadtarchiv Aichach,11.13411 , 48.45816
Q28720212,Stadtarchiv Kempten,10.3132 , 47.7184
Q28720213,Stadtarchiv Neu-Ulm,10.00121 , 48.39542
Q28720214,Stadtarchiv Wemding,10.72401 , 48.87457
Q28720215,Stadtarchiv Ansbach,10.5752 , 49.29966
Q28720216,Stadtarchiv Altdorf,11.35599 , 49.38574
Q28720217,Stadtarchiv Alzenau,9.07276 , 50.08581
Q28720218,Stadtarchiv Ostheim,10.2167 , 50.4667
Q28720219,Stadtarchiv Volkach,10.22576 , 49.86577
Q28720220,Stadtarchiv Kronach,11.32566 , 50.24228
Q28720221,Stadtarchiv Freyung,13.548 , 48.8154
Q28720223,Stadtarchiv Kelheim,11.86938 , 48.9189
Q28720225,Stadtarchiv Pocking,13.31012 , 48.3994
Q28720226,Stadtarchiv Zwiesel,13.23128 , 49.01377
Q28720227,Stadtarchiv Nabburg,12.18078 , 49.45452
Q28720228,Stadtarchiv Pfreimd,12.18004 , 49.49388
Q28720229,Stadtarchiv Velburg,11.67178 , 49.23228
Q28720230,Stadtarchiv Haßfurt,10.5091 , 50.03134
Q28720232,Stadtarchiv Bismark,11.55596 , 52.66165
Q28720233,Stadtarchiv Mücheln,11.8039 , 51.30194
Q28720234,Stadtarchiv Bocholt,6.6305 , 51.83782
Q28720235,Stadtarchiv Bottrop,6.92209 , 51.5228
Q28720236,Stadtarchiv Dorsten,6.96364 , 51.66589
Q28720237,Stadtarchiv Krefeld,6.54616 , 51.34062
Q28720238,Stadtarchiv Roßwein,13.18427 , 51.06544
Q28720239,Stadtarchiv Schwelm,7.3085 , 51.29152
Q28720240,Stadtarchiv Frechen,6.80246 , 50.90903
Q28720241,Stadtarchiv Geldern,6.3308 , 51.5186
Q28720242,Stadtarchiv Leisnig,12.92716 , 51.15977
Q28720243,Stadtarchiv Marburg,8.77001 , 50.80864
Q28720244,Stadtarchiv Münster,7.6353 , 51.9978
Q28720245,Stadtarchiv Oederan,13.168 , 50.8617
Q28720246,Stadtarchiv Parchim,11.84668 , 53.42412
Q28720247,Stadtarchiv Rastatt,8.20305 , 48.85952
Q28720248,Stadtarchiv Viersen,6.38983 , 51.25374
Q28720249,Stadtarchiv Zwickau,12.48698 , 50.72491
Q28720250,Stadtarchiv Buchloe,10.7249 , 48.0343
Q28720251,Stadtarchiv Garbsen,9.53636 , 52.44164
Q28720252,Stadtarchiv Pulheim,6.79978 , 50.99776
Q28720254,Stadtarchiv Bamberg,10.88038 , 49.89454
Q28720255,Stadtarchiv Willich,6.51759 , 51.24743
Q28720256,Stadtarchiv Wegberg,6.27716 , 51.14139
Q28720257,Stadtarchiv Dachau,11.44299 , 48.25028
Q28720258,Stadtarchiv Erding,11.90833 , 48.30636
Q28720259,Stadtarchiv Laufen,12.936 , 47.936
Q28720260,Stadtarchiv Füssen,10.69949 , 47.56662
Q28720261,Stadtarchiv Neusäß,10.83545 , 48.39347
Q28720263,Stadtarchiv Passau,13.4506 , 48.5732
Q28720264,Stadtarchiv Amberg,11.85784 , 49.44364
Q28720265,Stadtarchiv Roding,12.51763 , 49.19588
Q28720266,Stadtarchiv Weiden,12.16226 , 49.67558
Q28720268,Stadtarchiv Burgau,10.40447 , 48.43291
Q28720269,Stadtarchiv Artern,11.29076 , 51.36513
Q28720270,Stadtarchiv Wolfen,12.26732 , 51.65605
Q28720271,Stadtarchiv Coswig,12.45705 , 51.88244
Q28720272,Stadtarchiv Köthen,11.97667 , 51.75354
Q28720273,Stadtarchiv Jessen,12.95749 , 51.78693
Q28720274,Stadtarchiv Laucha,11.6333 , 51.2167
Q28720275,Stadtarchiv Sandau,12.0467 , 52.78804
Q28720276,Stadtarchiv Dülmen,7.28089 , 51.83136
Q28720277,Stadtarchiv Gießen,8.68064 , 50.58446
Q28720278,Stadtarchiv Goslar,10.42223 , 51.90801
Q28720279,Stadtarchiv Greven,7.61107 , 52.09208
Q28720280,Stadtarchiv Hameln,9.35367 , 52.10456
Q28720281,Stadtarchiv Herten,7.1385 , 51.59646
Q28720282,Stadtarchiv Jülich,6.35603 , 50.92102
Q28720283,Stadtarchiv Lehrte,9.97709 , 52.37792
Q28720284,Stadtarchiv Meißen,13.47051 , 51.1634
Q28720285,Stadtarchiv Rheine,7.43843 , 52.27658
Q28720286,Stadtarchiv Aachen,6.08266 , 50.77427
Q28720287,Stadtarchiv Geseke,8.51259 , 51.64204
Q28720288,Stadtarchiv Grimma,12.71447 , 51.23701
Q28720289,Stadtarchiv Hilden,6.93083 , 51.17094
Q28720290,Stadtarchiv Lingen,7.31773 , 52.52364
Q28720291,Stadtarchiv Nossen,13.29807 , 51.05668
Q28720292,Stadtarchiv Siegen,8.02495 , 50.87491
Q28720293,Stadtarchiv Telgte,7.78864 , 51.98283
Q28720294,Stadtarchiv Uelzen,10.5615 , 52.9675
Q28720295,Stadtarchiv Weimar,11.32698 , 50.98179
Q28720296,Stadtarchiv Zittau,14.81051 , 50.89489
Q28720297,Stadtarchiv Lohmar,7.21423 , 50.84207
Q28720299,Stadtarchiv Plauen,12.13512 , 50.49523
Q28720300,Stadtarchiv Hennef,7.27947 , 50.7743
Q28720303,Stadtarchiv Hagen,7.49066 , 51.34739
Q28720305,Stadtarchiv Spalt,10.92661 , 49.17567
Q28720307,Stadtarchiv Rehau,12.0432 , 50.25017
Q28720309,Stadtarchiv Bogen,12.69206 , 48.90542
Q28720311,Stadtarchiv Calbe,11.6667 , 51.9
Q28720313,Stadtarchiv Halle,11.97146 , 51.48284
Q28720315,Stadtarchiv Zeitz,12.12811 , 51.05027
Q28720317,Stadtarchiv Kalbe,11.38597 , 52.65455
Q28720320,Stadtarchiv Fulda,9.67469 , 50.55319
Q28720322,Stadtarchiv Moers,6.63176 , 51.4532
Q28720326,Stadtarchiv Werne,7.63284 , 51.66602
Q28720328,Stadtarchiv Kahla,11.58782 , 50.80148
Q28720330,Stadtarchiv Kleve,6.13208 , 51.78113
Q28720333,Stadtarchiv Löbau,14.66842 , 51.09514
Q28720335,Stadtarchiv Lünen,7.52195 , 51.61438
Q28720338,Stadtarchiv Rhede,6.705 , 51.8344
Q28720340,Stadtarchiv Riesa,13.30875 , 51.30207
Q28720342,Stadtarchiv Sayda,13.4215 , 50.71257
Q28720344,Stadtarchiv Stade,9.47757 , 53.60214
Q28720345,Stadtarchiv Uslar,9.63399 , 51.65888
Q28720347,Stadtarchiv Naila,11.70826 , 50.33005
Q19874,National Museum of Cinema,7.69305556 , 45.06888889
Q174274,Cinémathèque Française,2.3825 , 48.836944444
Q306604,Filmmuseum Austria,16.3683 , 48.2047
Q572548,Anthology Film Archives,-73.9901 , 40.7247
Q681911,Kinemathek Bern,7.44218 , 46.94049
Q685753,German Federal Archives,7.57256 , 50.34242
Q688143,Cinémathèque suisse,6.625 , 46.520555555
Q756683,Hong Kong Film Archive,114.222 , 22.2851
Q876997,Deutsche Kinemathek,13.3735 , 52.5096
Q1092464,Cinemateca Portuguesa,-9.14879444 , 38.72092222
Q1092492,Cineteca Nacional,-99.16460278 , 19.36112778
Q1092493,Cineteca di Bologna,11.3368279 , 44.4988658
Q1201043,Danish Film Institute,12.578504 , 55.6831953
Q1538389,EYE Film Institute Netherlands,4.900594 , 52.384411
Q1922726,Musée du cinéma de Bruxelles,4.36005 , 50.844169
Q2860521,CNC French Film Archives,2.03528 , 48.806
Q2901422,bibliothèque du cinéma François-Truffaut,2.3469444 , 48.8619444
Q2916134,Tel Aviv Cinematheque,34.783333333 , 32.070833333
Q2916137,Jerusalem Cinematheque,35.22606111 , 31.76990556
Q2973241,Greek Film Archive,23.7125 , 37.9809
Q2973244,Q2973244,1.4421 , 43.607
Q2973248,Cinémathèque québécoise,-73.5625 , 45.5139
Q3072152,Filmothèque du Quartier Latin,2.3429 , 48.8496
Q3151766,Institut Lumière,4.87040833 , 45.74521111
Q3816688,Cinemateca Uruguaya,-56.181408 , -34.906474
Q4787285,Archives New Zealand,174.78 , -41.277167
Q4823962,Australian Centre for the Moving Image,144.969 , -37.8176
Q4894418,Filmoteca de Catalunya,2.170916666 , 41.378666666
Q4996213,Bulgarian National Film Archive,23.32888889 , 41.70777778
Q14715515,Harvard Film Archive,-71.11473889 , 42.37365278
Q16929443,Kaohsiung Film Archive,120.287 , 22.6276
Q28720349,Stadtarchiv Barth,12.73243 , 54.36539
Q28720351,Stadtarchiv Lahr,7.87257 , 48.33774
Q28720354,Stadtarchiv Rain,10.91485 , 48.69005
Q28720356,Stadtarchiv Lohr,9.57346 , 49.99547
Q28720358,Stadtarchiv Cham,12.66778 , 49.21926
Q28720360,Stadtarchiv Lauf,11.28206 , 49.51073
Q28720362,Stadtarchiv Aken,12.04842 , 51.85399
Q28720365,Stadtarchiv Gera,12.08629 , 50.88086
Q28720368,Stadtarchiv Olpe,7.84336 , 51.02795
Q28720370,Stadtarchiv Calw,8.7369 , 48.71455
Q28720372,Stadtarchiv Goch,6.15666 , 51.67629
Q28720374,Stadtarchiv Jena,11.59241 , 50.93118
Q28720376,Stadtarchiv Leer,7.45064 , 53.22744
Q28720377,Stadtarchiv Isny,10.03941 , 47.69241
Q28720380,Stadtarchiv Verl,8.50949 , 51.88212
Q28720382,Stadtarchiv Werl,7.9186 , 51.55311
Q28720384,Stadtarchiv Rees,6.39694 , 51.76376
Q28720387,Stadtarchiv Ulm,9.99047 , 48.39629
Q28734815,Gemeindearchiv Simmelsdorf,11.33636 , 49.59519
Q1769248,National Archive of Torre do Tombo,-9.156388888 , 38.754722222
Q2567785,National Archives and Library of Ethiopia,38.75 , 9.01806
Q2637340,Israel State Archives,35.21168056 , 31.75396389
Q2778411,Egyptian National Library and Archives,31.2275 , 30.06638889
Q2860420,Central Archives of the State,12.47655556 , 41.828698
Q2860440,Archives of Yugoslavia,20.441832 , 44.789229
Q2860532,General Archive of the Nation,-74.0769 , 4.593936
Q2860533,General State Archives,23.7662 , 38.0015
Q2860546,Brazilian National Archives,-43.19062 , -22.90648
Q2860549,National Archives of Scotland,-3.18931389 , 55.95378333
Q2860551,Q2860551,10.164896 , 36.799698
Q2860553,National Archives of Finland,24.9524 , 60.17171
Q3499412,Archives of the Republic of Slovenia,14.5069 , 46.04563333
Q3621657,Q3621657,10.9273148 , 44.649871
Q4678437,National Archives of the Faroe Islands,-6.77915 , 62.00811
Q4793570,National Archives of Norway,10.73622222 , 59.96683889
Q4858609,Barbados National Archives,-59.6342 , 13.1366
Q5187162,Croatian State Archives,15.97027778 , 45.80611111
Q5702924,National Archives of Venezuela,-66.9118 , 10.513
Q6392606,Kenya National Archives,36.82594444 , -1.28488889
Q6970411,National Archive and Library of Bolivia,-65.2607557 , -19.0489079
Q6970429,National Archives of Chile,-70.64527778 , -33.44194444
Q6970432,National Archives of Estonia,26.71350833 , 58.37826667
Q6970447,National Archives of Malta,14.401306 , 35.881972
Q6970448,National Archives of Namibia,17.087026388 , -22.556807805
Q6970456,National Archives of Singapore,103.849 , 1.29332
Q6974168,National Library of Paraguay,-57.657 , -25.2777
Q6974201,National Literature Centre,6.107608 , 49.750641
Q7541534,Slovak National Archives,17.10856667 , 48.14027778
Q11421239,Q11421239,139.744361 , 35.678861
Q11789677,Narodowe Archiwum Cyfrowe,20.97777778 , 52.20861111
Q12279299,Archives State Agency,23.326944444 , 42.696944444
Q15261141,National Photographic Archive,-6.265375 , 53.345279
Q29577261,Central State Archives of Bulgaria,23.326597 , 42.697224
Q30317327,State Archive - Stara Zagora,25.630277777 , 42.423722222
Q36837947,Q36837947,10.185353 , 36.797578
Q42318254,Q42318254,23.326944444 , 42.696944444
Q42318908,Q42318908,23.100025 , 42.02193
Q42318923,Q42318923,23.031973 , 42.60951
Q42318939,Q42318939,22.692028 , 42.28175
Q42318965,Q42318965,24.748546 , 42.138299
Q42327882,Q42327882,23.326944444 , 42.696944444
Q44807271,Archivio di Stato di Alessandria,41.8289 , 12.47577
Q29381045,Center for Legislative Archives,-77.023111111 , 38.892805555
Q29508384,State Archive of the Penza Region,45.001056 , 53.204711
Q29533887,Maurice Carême Museum,4.294403 , 50.831778
Q29580359,Archive and Research Centre for Women's History,4.369152 , 50.853298
Q29919826,Q29919826,-3.35911 , 40.481595
Q30106447,Q30106447,34.872583333 , 32.084861111
Q30264184,Smithsonian Center for Folklife and Cultural Heritage,-77.021525 , 38.886117
Q30613085,Memory of Mankind,13.637606 , 47.563428
Q32781074,General Military Archives of Madrid,-3.7225 , 40.433611111
Q32786097,General Military Archives of Guadalajara,-3.169351944 , 40.636236111
Q33100110,Gents Amusements Theater,3.727849 , 51.061009
Q33100130,Sint-Felixpakhuis,4.407835 , 51.227542
Q33100473,Den Ast,4.236536 , 50.738282
Q37186807,Century Association Archives Foundation,-73.98101 , 40.754603888
Q39628,Bibliothèque et Archives nationales du Québec,-73.56234 , 45.51538
Q197928,Gibraltar Archives,-5.353913 , 36.137233
Q376279,National Archives of Hungary,19.03 , 47.505
Q495822,State Archive of the Republic of Macedonia,21.434261111 , 41.996836111
Q620902,Iraq National Library and Archive,44.38453889 , 33.34644167
Q812403,Bavarian Hauptstaatsarchiv,11.5803 , 48.1462
Q913250,Library and Archives Canada,-75.707916666 , 45.419722222
Q1312064,Q1312064,10.8995 , 48.3342
Q1410038,Q1410038,8.41514 , 49.31516
Q1484566,Landeshauptarchiv Koblenz,7.60278 , 50.3589
Q1501890,Q1501890,8.38352 , 49.013
Q1615998,Hessian State Archives,8.76333 , 50.8033
Q1684918,National Archives of Australia,149.131 , -35.3049
Q1710818,State Archives of Schleswig-Holstein,9.53975 , 54.5059
Q5062834,Centro Galego de Artes da Imaxe,-8.40477778 , 43.36772222
Q5120661,Cinefamily at The Silent Movie Theatre,-118.3615765 , 34.0820298
Q5132089,Cleveland Cinematheque,-81.6096 , 41.509
Q5309674,Dryden Theatre,-77.5803 , 43.1526
Q5531450,Gene Siskel Film Center,-87.6283 , 41.885
Q5769486,Cine Gaumont,-58.3896675 , -34.6090986
Q5769655,Q5769655,-68.1255082 , -16.5063862
Q6034410,Pablo Ducrós Hicken Film Museum,-58.37116667 , -34.62208333
Q6514373,Norwegian Film Institute,10.74583333 , 59.90944444
Q6667847,Herzliya Cinematheque,34.841722222 , 32.167361111
Q6996152,Q6996152,34.777222222 , 32.011944444
Q7015365,New Zealand Film Archive,174.777939 , -41.293656
Q7060036,Northwest Film Center,-122.683 , 45.5178
Q7122345,Pacific Cinémathèque,-123.1265902 , 49.2786718
Q9006638,Cinemateket,12.5786 , 55.6832
Q11739360,Kino Kinematograf,19.4747 , 51.7594
Q16349179,Arkivi Qendror Shteteror I Filmit,19.846571 , 41.34637
Q16993269,Film Streams,-95.93428 , 41.26617
Q20032546,Kinoteka,21.0075205 , 52.2319903
Q20089537,Q20089537,5.726 , 45.193
Q21004453,Q21004453,5.692831 , 50.845761
Q23009897,Historisch Centrum Overijssel,6.100483333 , 52.518019444
Q28169673,Sderot Cinematheque,35.156111111 , 31.663833333
Q36511859,Cinemateket Filmens Hus,10.7457545 , 59.9096143
Q37994381,Flagey Cinématheque,4.3766927 , 50.8235717
Q38271550,CinéRobothèque ONF,-73.5623005 , 45.5144526
